Workbook

Sheet GPT-4o
A1: 欲求推論 | B1: 適合率 | C1: 再現率 | D1: F値平均 | G1: 物推論 | H1: 適合率 | I1: 再現率 | J1: F値平均 | K1: 平均トークン数
A2: 閾値：0.10 | B2: =test_rag_border01_4o!N5 -> 0.095 | C2: =test_rag_border01_4o!O5 -> 0.977 | D2: =test_rag_border01_4o!P5 -> 0.171 | G2: 閾値：0.10 | H2: =test_rag_border01_4o!N2 -> 0.44 | I2: =test_rag_border01_4o!O2 -> 0.756 | J2: =test_rag_border01_4o!P2 -> 0.49680645 | K2: =test_rag_border01_4o!O7 -> 395.23656
A3: 閾値：0.20 | B3: =test_rag_border02_4o!N5 -> 0.207 | C3: =test_rag_border02_4o!O5 -> 0.839 | D3: =test_rag_border02_4o!P5 -> 0.291 | G3: 閾値：0.20 | H3: =test_rag_border02_4o!N2 -> 0.539 | I3: =test_rag_border02_4o!O2 -> 0.631 | J3: =test_rag_border02_4o!P2 -> 0.54031183 | K3: =test_rag_border02_4o!O7 -> 281.58065
A4: 閾値：0.30 | B4: =test_rag_border03_4o!N5 -> 0.309 | C4: =test_rag_border03_4o!O5 -> 0.369 | D4: =test_rag_border03_4o!P5 -> 0.308 | G4: 閾値：0.30 | H4: =test_rag_border03_4o!N2 -> 0.395 | I4: =test_rag_border03_4o!O2 -> 0.496 | J4: =test_rag_border03_4o!P2 -> 0.40022581 | K4: =test_rag_border03_4o!O7 -> 155.86022

Sheet GPT-4o-mini
A1: 欲求推論 | B1: 適合率 | C1: 再現率 | D1: F値平均 | G1: 物推論 | H1: 適合率 | I1: 再現率 | J1: F値平均 | K1: 平均トークン数
A2: 閾値：0.10 | B2: =test_rag_border01!N5 -> 0.095 | C2: =test_rag_border01!O5 -> 0.977 | D2: =test_rag_border01!P5 -> 0.171 | G2: 閾値：0.10 | H2: =test_rag_border01!N2 -> 0.549 | I2: =test_rag_border01!O2 -> 0.593 | J2: =test_rag_border01!P2 -> 0.527 | K2: =test_rag_border01!O7 -> 384.10753
A3: 閾値：0.20 | B3: =test_rag_border02!N5 -> 0.205 | C3: =test_rag_border02!O5 -> 0.839 | D3: =test_rag_border02!P5 -> 0.29 | G3: 閾値：0.20 | H3: =test_rag_border02!N2 -> 0.583 | I3: =test_rag_border02!O2 -> 0.627 | J3: =test_rag_border02!P2 -> 0.55205376 | K3: =test_rag_border02!O7 -> 281.03226
A4: 閾値：0.30 | B4: =test_rag_border03!N5 -> 0.308 | C4: =test_rag_border03!O5 -> 0.369 | D4: =test_rag_border03!P5 -> 0.307 | G4: 閾値：0.30 | H4: =test_rag_border03!N2 -> 0.454 | I4: =test_rag_border03!O2 -> 0.459 | J4: =test_rag_border03!P2 -> 0.42206452 | K4: =test_rag_border03!O7 -> 149.82796

Sheet test_rag_border01_4o
A1: 発話事例 | B1: 欲求の種類 | C1: 正解の物 | D1: rag出力 | E1: 物の出力 | F1: 部屋 | G1: 適合率(欲求) | H1: 再現率(欲求) | I1: F値(欲求) | J1: 適合率(物) | K1: 再現率(物) | L1: トークン数 | M1: F値（物） | N1: 適合率 | O1: 再現率 | P1: F値平均
A2: Is there something to wipe my nose? If so where is it? | B2: Emission,Order | C2: tissue,table,toilet paper | D2: Emission,Breathing,Conservance,Sensory,Toxicity avoidance,Nursing,Exhibition,Thirst,Nurturance,Order,Exposition,Injury avoidance,Sleep,Temperature,Retention,Construction,Sexual,Achievement,Laziness,Cognizance | E2: towel,toilet paper,tissue | F2: bathroom,living room | G2: 0.1 | H2: 1 | I2: =IF(G2+H2=0,0,2*G2*H2/(G2+H2)) -> 0.18181818 | J2: 0.667 | K2: 0.667 | L2: 343 | M2: =IF(J2+K2=0,0,ROUND(2*J2*K2/(J2+K2),3)) -> 0.667 | N2: =ROUND(AVERAGE(J2:J94),3) -> 0.44 | O2: =ROUND(AVERAGE(K2:K94),3) -> 0.756 | P2: =SUM(M2:M94)/93 -> 0.49680645
A3: Where can I take a nap? | B3: Laziness,Sleep | C3: bed,chair,sofa,private room,floor | D3: Sleep,Laziness,Play,Nursing,Thirst,Nurturance,Sensory,Hunger,Injury avoidance,Temperature,Achievement,Breathing,Conservance,Emission,Exhibition,Cognizance,Sexual,Order,Exposition,Retention | E3: bed,sofa,private room,closet,chair,rug,pillow | F3: kitchen,living room,bathroom,bedroom | G3: 0.1 | H3: 1 | I3: =IF(G3+H3=0,0,2*G3*H3/(G3+H3)) -> 0.18181818 | J3: 0.571 | K3: 0.8 | L3: 404 | M3: =IF(J3+K3=0,0,ROUND(2*J3*K3/(J3+K3),3)) -> 0.666
A4: Where can I wash my hands? | B4: Toxicity avoidance | C4: sink,faucet,toilet | D4: Conservance,Emission,Toxicity avoidance,Nursing,Nurturance,Sensory,Exhibition,Thirst,Exposition,Temperature,Breathing,Retention,Injury avoidance,Order,Play,Sexual,Construction,Sleep,Hunger,Cognizance | E4: sink,toilet,bowl of dishes,faucet,bathtub,washing machine,bathroom counter | F4: bathroom,kitchen | G4: 0.05 | H4: 1 | I4: =IF(G4+H4=0,0,2*G4*H4/(G4+H4)) -> 0.095238095 | J4: 0.429 | K4: 1 | L4: 405 | M4: =IF(J4+K4=0,0,ROUND(2*J4*K4/(J4+K4),3)) -> 0.6
A5: Where should I store fruits that I want to last long? | B5: Conservance,Order | C5: refrigerator,kitchen cabinet | D5: Hunger,Retention,Conservance,Order,Construction,Thirst,Nursing,Exhibition,Nurturance,Sleep,Acquisition,Sensory,Injury avoidance,Play,Sexual,Temperature,Laziness,Toxicity avoidance,Achievement,Exposition | E5: refrigerator,kitchen cabinet,closet,closet drawers,bathroom cabinet,box | F5: bedroom,bathroom,living room,kitchen | G5: 0.1 | H5: 1 | I5: =IF(G5+H5=0,0,2*G5*H5/(G5+H5)) -> 0.18181818 | J5: 0.333 | K5: 1 | L5: 410 | M5: =IF(J5+K5=0,0,ROUND(2*J5*K5/(J5+K5),3)) -> 0.5 | N5: =ROUND(AVERAGE(G2:G94),3) -> 0.095 | O5: =ROUND(AVERAGE(H2:H94),3) -> 0.977 | P5: =ROUND(AVERAGE(I2:I94),3) -> 0.171
A6: Where can I take notes? | B6: Cognizance,Exposition | C6: desk,table,computer,mobile phone | D6: Cognizance,Exposition,Sensory,Acquisition,Achievement,Order,Construction,Retention,Exhibition,Conservance,Play,Injury avoidance,Breathing,Nurturance,Sleep,Toxicity avoidance,Laziness,Emission,Nursing,Sexual | E6: keyboard,book,mobile phone,tablet,computer,desk,table,notebook,bookshelf,closet,folder,closet drawers,books | F6: kitchen,bedroom,bathroom,living room | G6: 0.1 | H6: 1 | I6: =IF(G6+H6=0,0,2*G6*H6/(G6+H6)) -> 0.18181818 | J6: 0.308 | K6: 1 | L6: 351 | M6: =IF(J6+K6=0,0,ROUND(2*J6*K6/(J6+K6),3)) -> 0.471 | O6: 平均トークン
A7: Where can I brush my teeth? | B7: Conservance,Toxicity avoidance | C7: toothbrush,toothpaste,faucet,sink,toilet | D7: Toxicity avoidance,Conservance,Nursing,Nurturance,Emission,Sleep,Retention,Exhibition,Breathing,Sensory,Injury avoidance,Thirst,Exposition,Order,Hunger,Sexual,Achievement,Construction,Play,Acquisition | E7: sink,faucet,toothbrush,toothpaste,bathroom counter,bathroom cabinet | F7: bathroom,kitchen | G7: 0.1 | H7: 1 | I7: =IF(G7+H7=0,0,2*G7*H7/(G7+H7)) -> 0.18181818 | J7: 0.667 | K7: 0.8 | L7: 403 | M7: =IF(J7+K7=0,0,ROUND(2*J7*K7/(J7+K7),3)) -> 0.727 | O7: =AVERAGE(L2:L94) -> 395.23656
A8: Where can I set if I want to warmup? | B8: Temperature | C8: stove,bed | D8: Temperature,Play,Laziness,Injury avoidance,Thirst,Sleep,Hunger,Achievement,Conservance,Exhibition,Nursing,Order,Sensory,Emission,Exposition,Breathing,Acquisition,Nurturance,Cognizance,Toxicity avoidance | E8: microwave,stove,oven tray,refrigerator,coffee maker,cooking pot,coffee pot,ceiling lamp,table lamp,electric fan | F8: bedroom,bathroom,living room,kitchen | G8: 0.05 | H8: 1 | I8: =IF(G8+H8=0,0,2*G8*H8/(G8+H8)) -> 0.095238095 | J8: 0.1 | K8: 0.5 | L8: 417 | M8: =IF(J8+K8=0,0,ROUND(2*J8*K8/(J8+K8),3)) -> 0.167 | O8: 標準偏差
A9: Where can I check my appearance? | B9: Order,Exhibition,Exposition | C9: mirror | D9: Exhibition,Construction,Order,Sexual,Sensory,Exposition,Cognizance,Breathing,Conservance,Injury avoidance,Achievement,Emission,Temperature,Sleep,Hunger,Acquisition,Retention,Thirst,Nurturance,Nursing | E9: mirror | F9: bathroom | G9: 0.15 | H9: 1 | I9: =IF(G9+H9=0,0,2*G9*H9/(G9+H9)) -> 0.26086957 | J9: 1 | K9: 1 | L9: 381 | M9: =IF(J9+K9=0,0,ROUND(2*J9*K9/(J9+K9),3)) -> 1 | O9: =_xlfn.STDEV.P(L2:L94) -> 27.37411
A10: Where should I put my jackets? | B10: Order,Conservance | C10: closet,hanger | D10: Exhibition,Temperature,Order,Retention,Sexual,Exposition,Injury avoidance,Nursing,Sleep,Hunger,Conservance,Construction,Acquisition,Emission,Thirst,Sensory,Laziness,Play,Nurturance,Achievement | E10: closet,wardrobe,closet drawers,coat rack,hanger | F10: living room,bathroom,bedroom | G10: 0.1 | H10: 1 | I10: =IF(G10+H10=0,0,2*G10*H10/(G10+H10)) -> 0.18181818 | J10: 0.4 | K10: 1 | L10: 402 | M10: =IF(J10+K10=0,0,ROUND(2*J10*K10/(J10+K10),3)) -> 0.571
A11: Where can my kids go to read? | B11: Play,Cognizance | C11: book,chair,table,bed,sofa,desk | D11: Cognizance,Play,Nursing,Exposition,Laziness,Order,Acquisition,Achievement,Nurturance,Conservance,Toxicity avoidance,Sleep | E11: bed,sofa,private room,kitchen table,table,nightstand,desk,chair,bookshelf,books,book | F11: kitchen,living room,bathroom,bedroom | G11: 0.167 | H11: 1 | I11: =IF(G11+H11=0,0,2*G11*H11/(G11+H11)) -> 0.28620394 | J11: 0.545 | K11: 1 | L11: 321 | M11: =IF(J11+K11=0,0,ROUND(2*J11*K11/(J11+K11),3)) -> 0.706
A12: Where can I put my jacket? | B12: Order,Conservance | C12: closet,hanger | D12: Exhibition,Temperature,Order,Retention,Sexual,Exposition,Injury avoidance,Nursing,Sleep,Hunger,Conservance,Construction,Acquisition,Emission,Thirst,Sensory,Laziness,Play,Nurturance,Achievement | E12: bed,sofa,nightstand,closet,closet drawers,private room,towel rack,hanger,chair,desk,table,bookshelf,coat rack,hook | F12: kitchen,living room,bathroom,bedroom | G12: 0.1 | H12: 1 | I12: =IF(G12+H12=0,0,2*G12*H12/(G12+H12)) -> 0.18181818 | J12: 0.143 | K12: 1 | L12: 424 | M12: =IF(J12+K12=0,0,ROUND(2*J12*K12/(J12+K12),3)) -> 0.25
A13: Where can I wipe my shoes? | B13: Conservance,Order | C13: cleaning sponge,rug | D13: Emission,Injury avoidance,Conservance,Exhibition,Order,Toxicity avoidance,Nurturance,Retention,Sensory,Achievement,Sexual,Exposition,Construction,Thirst,Nursing,Acquisition,Sleep,Laziness,Breathing,Hunger | E13: floor,rug,door,kitchen counter,kitchen table,bathroom counter | F13: kitchen,bathroom,living room,bedroom | G13: 0.1 | H13: 1 | I13: =IF(G13+H13=0,0,2*G13*H13/(G13+H13)) -> 0.18181818 | J13: 0.167 | K13: 0.5 | L13: 397 | M13: =IF(J13+K13=0,0,ROUND(2*J13*K13/(J13+K13),3)) -> 0.25
A14: Where can I put my hat? | B14: Order | C14: closet,closet drawers,hanger,desk,table | D14: Exhibition,Construction,Exposition,Temperature,Sleep,Order,Hunger,Laziness,Play,Achievement,Thirst,Retention,Nursing,Sexual,Acquisition,Injury avoidance,Emission,Conservance,Sensory,Nurturance | E14: bed,nightstand,bookshelf,closet,private room,kitchen table,desk,chair,kitchen counter,table,rug,sofa,pillow,closet drawers,wall picture frame,box,sofa,pile of clothes | F14: kitchen,living room,bathroom,bedroom | G14: 0.05 | H14: 1 | I14: =IF(G14+H14=0,0,2*G14*H14/(G14+H14)) -> 0.095238095 | J14: 0.222 | K14: 0.8 | L14: 437 | M14: =IF(J14+K14=0,0,ROUND(2*J14*K14/(J14+K14),3)) -> 0.348
A15: I want to take a nap. | B15: Sleep,Laziness | C15: bed,chair,sofa,private room,floor | D15: Sleep,Laziness,Play,Nursing,Thirst,Nurturance,Sensory,Hunger,Injury avoidance,Temperature,Achievement,Breathing,Conservance,Emission,Exhibition,Cognizance,Sexual,Order,Exposition,Retention | E15: bed,sofa,pillow,private room,closet,chair,table,desk,rug,ceiling lamp,table lamp,wall,closet drawers,sofa,television,power socket,floor | F15: kitchen,living room,bathroom,bedroom | G15: 0.1 | H15: 1 | I15: =IF(G15+H15=0,0,2*G15*H15/(G15+H15)) -> 0.18181818 | J15: 0.353 | K15: 1 | L15: 432 | M15: =IF(J15+K15=0,0,ROUND(2*J15*K15/(J15+K15),3)) -> 0.522
A16: Where can I sit and eat if I don't want to use the dining table? | B16: Hunger | C16: desk,chair,sofa,private room, kitchen counter, kitchen table | D16: Exposition,Play,Hunger,Cognizance,Achievement,Order,Acquisition,Nursing,Laziness,Sleep,Toxicity avoidance,Conservance,Thirst,Construction,Exhibition,Retention,Sexual,Nurturance,Emission,Temperature | E16: bed,sofa,nightstand,TV stand,desk,chair,rug,sofa | F16: kitchen,living room,bathroom,bedroom | G16: 0.05 | H16: 1 | I16: =IF(G16+H16=0,0,2*G16*H16/(G16+H16)) -> 0.095238095 | J16: 0.5 | K16: 0.5 | L16: 410 | M16: =IF(J16+K16=0,0,ROUND(2*J16*K16/(J16+K16),3)) -> 0.5
A17: Where can I put my apples? | B17: Conservance,Order | C17: wall shelf,kitchen cabinet,kitchen counter,table,desk,kitchen table,dish | D17: Exposition,Hunger,Construction,Acquisition,Order,Sexual,Retention,Exhibition,Play,Laziness,Sleep,Achievement,Sensory,Thirst,Conservance,Nursing,Cognizance,Temperature,Emission,Injury avoidance | E17: bowl of dishes,cabinet,nightstand,dish,bookshelf,closet,kitchen table,table,desk,chair,microwave,kitchen counter,stove,refrigerator,kitchen cabinet,closet drawers,box,coffee maker,oven tray,cooking pot | F17: bedroom,living room,bathroom,kitchen | G17: 0.1 | H17: 1 | I17: =IF(G17+H17=0,0,2*G17*H17/(G17+H17)) -> 0.18181818 | J17: 0.3 | K17: 0.857 | L17: 440 | M17: =IF(J17+K17=0,0,ROUND(2*J17*K17/(J17+K17),3)) -> 0.444
A18: Where can I dry my shoes when I come into the house? | B18: Conservance,Order | C18: rug,floor | D18: Conservance,Injury avoidance,Thirst,Temperature,Retention,Nursing,Order,Play,Exhibition,Sleep,Laziness,Sexual,Acquisition,Sensory,Nurturance,Exposition,Toxicity avoidance,Construction,Emission,Hunger | E18: towel,nightstand,closet,chair,rug,kitchen counter,sink,floor,kitchen table,table,dishwasher,hanger,bathroom counter,sofa,floor shelf | F18: living room,bathroom,kitchen,bedroom | G18: 0.1 | H18: 1 | I18: =IF(G18+H18=0,0,2*G18*H18/(G18+H18)) -> 0.18181818 | J18: 0.133 | K18: 1 | L18: 433 | M18: =IF(J18+K18=0,0,ROUND(2*J18*K18/(J18+K18),3)) -> 0.235
A19: Where can I lay down and read a book? | B19: Laziness,Sleep,Cognizance | C19: bed,sofa,floor,private room | D19: Play,Achievement,Cognizance,Laziness,Acquisition,Exposition,Sleep,Sensory,Nursing,Order,Hunger,Breathing,Construction,Thirst,Temperature,Exhibition,Conservance,Retention,Injury avoidance,Nurturance | E19: bed,sofa,rug,pillow | F19: kitchen,living room,bathroom,bedroom | G19: 0.15 | H19: 1 | I19: =IF(G19+H19=0,0,2*G19*H19/(G19+H19)) -> 0.26086957 | J19: 0.5 | K19: 0.5 | L19: 397 | M19: =IF(J19+K19=0,0,ROUND(2*J19*K19/(J19+K19),3)) -> 0.5
A20: Where can I warm up? | B20: Temperature,Sensory desire | C20: stove,bed | D20: Temperature,Play,Thirst,Injury avoidance,Conservance,Laziness,Hunger,Nursing,Sleep,Breathing,Exhibition,Emission,Sensory,Order,Nurturance,Toxicity avoidance,Exposition,Retention,Acquisition,Cognizance | E20: bed,sofa,TV,nightstand,light switch,towel,toaster,microwave,electric fan,stove,rug,washing machine,ceiling lamp,table lamp,refrigerator,ventilation fan,bathtub,pillow,television,sofa,oven tray,slippers,curtain | F20: kitchen,living room,bathroom,bedroom | G20: 0.05 | H20: 0.5 | I20: =IF(G20+H20=0,0,2*G20*H20/(G20+H20)) -> 0.090909091 | J20: 0.087 | K20: 1 | L20: 449 | M20: =IF(J20+K20=0,0,ROUND(2*J20*K20/(J20+K20),3)) -> 0.16
A21: Where can I get drinking water? | B21: Thirst | C21: sink,water glass,faucet,mug,refrigerator | D21: Thirst,Toxicity avoidance,Conservance,Nursing,Temperature,Breathing,Hunger,Emission,Play,Nurturance,Injury avoidance,Sensory,Achievement,Order,Acquisition,Cognizance,Exposition,Sleep,Exhibition,Retention | E21: sink,faucet,water glass,mug,cup | F21: living room,bathroom,kitchen | G21: 0.05 | H21: 1 | I21: =IF(G21+H21=0,0,2*G21*H21/(G21+H21)) -> 0.095238095 | J21: 0.8 | K21: 0.8 | L21: 394 | M21: =IF(J21+K21=0,0,ROUND(2*J21*K21/(J21+K21),3)) -> 0.8
... A84: I need to fix something and may require a screwdriver,where should I look? | B84: Conservance,Acquisition | C84: wall shelf,cabinet,closet,box | D84: Construction,Conservance,Order,Retention,Sleep,Acquisition,Play,Temperature,Nursing,Cognizance,Thirst,Hunger,Injury avoidance,Sexual,Toxicity avoidance,Exposition,Laziness,Achievement,Exhibition,Sensory | E84: cabinet,bookshelf,closet,kitchen cabinet,closet drawers | F84: kitchen,bathroom,living room,bedroom | G84: 0.1 | H84: 1 | I84: =IF(G84+H84=0,0,2*G84*H84/(G84+H84)) -> 0.18181818 | J84: 0.4 | K84: 0.5 | L84: 405 | M84: =IF(J84+K84=0,0,ROUND(2*J84*K84/(J84+K84),3)) -> 0.444
A85: I have a couple of mails that I would like to deliver through USPS,so where should I put them? | B85: Conservance,Order | C85: box | D85: Order,Acquisition,Nursing,Emission,Conservance,Retention,Exposition,Nurturance,Sexual,Hunger,Thirst,Play,Injury avoidance,Sleep,Sensory,Exhibition,Achievement,Toxicity avoidance,Laziness,Construction | E85: mailbox | G85: 0.1 | H85: 1 | I85: =IF(G85+H85=0,0,2*G85*H85/(G85+H85)) -> 0.18181818 | J85: 0 | K85: 0 | L85: 405 | M85: =IF(J85+K85=0,0,ROUND(2*J85*K85/(J85+K85),3)) -> 0
A86: I need to get rid of the stack of papers on my desk. Where should I put it? | B86: Order,Conservance | C86: wall shelf,garbage,cabinet,bookshelf,box | D86: Emission,Order,Toxicity avoidance,Retention,Injury avoidance,Conservance,Laziness,Play,Exposition,Exhibition,Breathing,Nursing,Achievement,Sensory,Thirst,Sleep,Acquisition,Cognizance,Temperature,Nurturance | E86: cabinet,folder,bookshelf,closet,desk,box | F86: kitchen,bathroom,living room,bedroom | G86: 0.1 | H86: 1 | I86: =IF(G86+H86=0,0,2*G86*H86/(G86+H86)) -> 0.18181818 | J86: 0.5 | K86: 0.6 | L86: 360 | M86: =IF(J86+K86=0,0,ROUND(2*J86*K86/(J86+K86),3)) -> 0.545
A87: Where should I put the wire to charge my computer if I'm sitting at the desk with the backpack on it? | B87: Conservance,Order | C87: desk,computer,power socket,table | D87: Acquisition,Exposition,Achievement,Cognizance,Laziness,Play,Order,Construction,Sleep,Conservance,Thirst,Temperature,Nursing,Retention,Sexual,Hunger,Toxicity avoidance,Nurturance,Exhibition,Emission | E87: power socket | F87: kitchen,bathroom,living room,bedroom | G87: 0.1 | H87: 1 | I87: =IF(G87+H87=0,0,2*G87*H87/(G87+H87)) -> 0.18181818 | J87: 1 | K87: 0.25 | L87: 399 | M87: =IF(J87+K87=0,0,ROUND(2*J87*K87/(J87+K87),3)) -> 0.4
A88: Where did I put my pink shirt? | B88: Acquisition,Conservance,Order | C88: closet,hanger,pile of clothes | D88: Exhibition,Sexual,Order,Exposition,Nursing,Construction,Temperature,Retention,Emission,Sensory,Sleep,Thirst,Acquisition,Injury avoidance,Conservance,Laziness,Hunger,Play,Nurturance,Breathing | E88: closet,private room,closet drawers,hanger,pile of clothes | F88: living room,bathroom,kitchen,bedroom | G88: 0.15 | H88: 1 | I88: =IF(G88+H88=0,0,2*G88*H88/(G88+H88)) -> 0.26086957 | J88: 0.6 | K88: 1 | L88: 404 | M88: =IF(J88+K88=0,0,ROUND(2*J88*K88/(J88+K88),3)) -> 0.75
A89: How can I cool myself off? | B89: Temperature | C89: ventilation fan,electric fan | D89: Temperature,Thirst,Breathing,Laziness,Sensory,Play,Injury avoidance,Sleep,Exhibition,Toxicity avoidance,Hunger,Exposition,Cognizance,Achievement,Conservance,Emission,Sexual,Order,Nursing,Construction | E89: electric fan,water glass,towel,faucet,ventilation fan,bathtub,refrigerator | F89: kitchen,bathroom,living room | G89: 0.05 | H89: 1 | I89: =IF(G89+H89=0,0,2*G89*H89/(G89+H89)) -> 0.095238095 | J89: 0.286 | K89: 1 | L89: 403 | M89: =IF(J89+K89=0,0,ROUND(2*J89*K89/(J89+K89),3)) -> 0.445
A90: After washing my hands in the sink,what should I use to dry my hands? | B90: Conservance,Order | C90: towel,tissue,towel rack | D90: Conservance,Thirst,Toxicity avoidance,Emission,Nursing,Nurturance,Order,Sensory,Exhibition,Retention,Exposition,Play,Temperature,Construction,Achievement,Sleep,Acquisition,Injury avoidance,Hunger,Cognizance | E90: towel,tissue,toilet paper | F90: bathroom,living room | G90: 0.1 | H90: 1 | I90: =IF(G90+H90=0,0,2*G90*H90/(G90+H90)) -> 0.18181818 | J90: 0.667 | K90: 0.667 | L90: 403 | M90: =IF(J90+K90=0,0,ROUND(2*J90*K90/(J90+K90),3)) -> 0.667
A91: Where do I reach for laundry detergent? | B91: Conservance,Acquisition | C91: dishwashing liquid,washing machine,cleaning sponge,bathroom cabinet,cabinet | D91: Conservance,Nursing,Toxicity avoidance,Exhibition,Retention,Sensory,Injury avoidance,Order,Nurturance,Emission,Sexual,Breathing,Laziness,Sleep,Play,Thirst,Temperature,Exposition,Hunger,Achievement | E91: cabinet,kitchen cabinet,bathroom cabinet | F91: kitchen,bathroom,bedroom | G91: 0.05 | H91: 0.5 | I91: =IF(G91+H91=0,0,2*G91*H91/(G91+H91)) -> 0.090909091 | J91: 0.667 | K91: 0.4 | L91: 398 | M91: =IF(J91+K91=0,0,ROUND(2*J91*K91/(J91+K91),3)) -> 0.5
A92: Where could i wash my hands | B92: Toxicity avoidance | C92: sink,soap,faucet | D92: Conservance,Emission,Toxicity avoidance,Nursing,Nurturance,Sensory,Exhibition,Thirst,Exposition,Temperature,Breathing,Retention,Injury avoidance,Order,Play,Sexual,Construction,Sleep,Hunger,Cognizance | E92: toilet,sink,faucet,bathroom cabinet,bathroom counter | F92: bathroom,kitchen | G92: 0.05 | H92: 1 | I92: =IF(G92+H92=0,0,2*G92*H92/(G92+H92)) -> 0.095238095 | J92: 0.4 | K92: 0.667 | L92: 399 | M92: =IF(J92+K92=0,0,ROUND(2*J92*K92/(J92+K92),3)) -> 0.5
A93: What should I do to cool down? | B93: Temperature | C93: ventilation fan,electric fan | D93: Temperature,Thirst,Play,Laziness,Breathing,Sleep,Injury avoidance,Sensory,Hunger,Conservance,Exhibition,Cognizance,Toxicity avoidance,Achievement,Exposition,Emission,Order,Nursing,Sexual,Nurturance | E93: refrigerator,air conditioning,electric fan,faucet,sink,ventilation fan,mug,water glass,bathroom cabinet,bathroom counter,towel rack,bathtub,shower,mirror | F93: living room,bathroom,kitchen | G93: 0.05 | H93: 1 | I93: =IF(G93+H93=0,0,2*G93*H93/(G93+H93)) -> 0.095238095 | J93: 0.143 | K93: 1 | L93: 428 | M93: =IF(J93+K93=0,0,ROUND(2*J93*K93/(J93+K93),3)) -> 0.25
A94: Where do I throw away food packages? | B94: Order | C94: garbage | D94: Hunger,Emission,Conservance,Injury avoidance,Order,Nursing,Nurturance,Exhibition,Sensory,Toxicity avoidance,Retention,Thirst,Play,Sexual,Temperature,Exposition,Sleep,Achievement,Construction,Acquisition | E94: garbage | F94: living room | G94: 0.05 | H94: 1 | I94: =IF(G94+H94=0,0,2*G94*H94/(G94+H94)) -> 0.095238095 | J94: 1 | K94: 1 | L94: 391 | M94: =IF(J94+K94=0,0,ROUND(2*J94*K94/(J94+K94),3)) -> 1

Sheet test_rag_border02_4o
A1: 発話事例 | B1: 欲求の種類 | C1: 正解の物 | D1: rag出力 | E1: 物の出力 | F1: 部屋 | G1: 適合率(欲求) | H1: 再現率(欲求) | I1: F値(欲求) | J1: 適合率(物) | K1: 再現率(物) | L1: トークン数 | M1: F値（物） | N1: 適合率 | O1: 再現率 | P1: F値平均
A2: Is there something to wipe my nose? If so where is it? | B2: Emission,Order | C2: tissue,table,toilet paper | D2: Emission,Breathing,Conservance,Toxicity avoidance,Sensory,Nursing,Exhibition,Thirst,Nurturance,Order,Injury avoidance,Exposition,Sleep,Temperature,Retention | E2: tissue,towel | F2: living room,bathroom | G2: 0.133 | H2: 1 | I2: =IF(G2+H2=0,0,2*G2*H2/(G2+H2)) -> 0.23477493 | J2: 0.5 | K2: 0.333 | L2: 319 | M2: =IF(J2+K2=0,0,ROUND(2*J2*K2/(J2+K2),3)) -> 0.4 | N2: =ROUND(AVERAGE(J2:J94),3) -> 0.539 | O2: =ROUND(AVERAGE(K2:K94),3) -> 0.631 | P2: =SUM(M2:M94)/93 -> 0.54031183
A3: Where can I take a nap? | B3: Laziness,Sleep | C3: bed,chair,sofa,private room,floor | D3: Sleep,Laziness,Play,Nursing,Thirst,Nurturance,Sensory,Hunger,Injury avoidance,Temperature,Achievement,Breathing | E3: bed,sofa,private room,pillow,chair | F3: bedroom,living room,kitchen,bathroom | G3: 0.167 | H3: 1 | I3: =IF(G3+H3=0,0,2*G3*H3/(G3+H3)) -> 0.28620394 | J3: 0.8 | K3: 0.8 | L3: 303 | M3: =IF(J3+K3=0,0,ROUND(2*J3*K3/(J3+K3),3)) -> 0.8
A4: Where can I wash my hands? | B4: Toxicity avoidance | C4: sink,faucet,toilet | D4: Conservance,Emission,Toxicity avoidance,Nursing,Nurturance,Sensory,Exhibition,Thirst | E4: sink,faucet,soap,towel | F4: kitchen,bathroom | G4: 0.125 | H4: 1 | I4: =IF(G4+H4=0,0,2*G4*H4/(G4+H4)) -> 0.22222222 | J4: 0.5 | K4: 0.667 | L4: 235 | M4: =IF(J4+K4=0,0,ROUND(2*J4*K4/(J4+K4),3)) -> 0.572
A5: Where should I store fruits that I want to last long? | B5: Conservance,Order | C5: refrigerator,kitchen cabinet | D5: Hunger,Retention,Conservance,Construction,Order,Thirst | E5: refrigerator,banana,box,kitchen cabinet | F5: kitchen | G5: 0.333 | H5: 1 | I5: =IF(G5+H5=0,0,2*G5*H5/(G5+H5)) -> 0.49962491 | J5: 0.5 | K5: 1 | L5: 318 | M5: =IF(J5+K5=0,0,ROUND(2*J5*K5/(J5+K5),3)) -> 0.667 | N5: =ROUND(AVERAGE(G2:G94),3) -> 0.207 | O5: =ROUND(AVERAGE(H2:H94),3) -> 0.839 | P5: =ROUND(AVERAGE(I2:I94),3) -> 0.291
A6: Where can I take notes? | B6: Cognizance,Exposition | C6: desk,table,computer,mobile phone | D6: Cognizance,Exposition,Sensory,Acquisition,Achievement,Order,Construction,Retention,Exhibition,Conservance,Play,Injury avoidance,Breathing | E6: book,desk,folder,notebook | F6: living room,kitchen | G6: 0.154 | H6: 1 | I6: =IF(G6+H6=0,0,2*G6*H6/(G6+H6)) -> 0.26689775 | J6: 0.25 | K6: 0.25 | L6: 296 | M6: =IF(J6+K6=0,0,ROUND(2*J6*K6/(J6+K6),3)) -> 0.25 | O6: 平均トークン
A7: Where can I brush my teeth? | B7: Conservance,Toxicity avoidance | C7: toothbrush,toothpaste,faucet,sink,toilet | D7: Toxicity avoidance,Conservance,Nursing,Nurturance,Emission,Sleep,Retention,Exhibition,Breathing,Sensory,Injury avoidance,Thirst,Exposition,Order | E7: toothbrush,toothpaste,sink,mirror,bathroom counter | F7: kitchen,bathroom | G7: 0.143 | H7: 1 | I7: =IF(G7+H7=0,0,2*G7*H7/(G7+H7)) -> 0.25021872 | J7: 0.6 | K7: 0.6 | L7: 316 | M7: =IF(J7+K7=0,0,ROUND(2*J7*K7/(J7+K7),3)) -> 0.6 | O7: =AVERAGE(L2:L94) -> 281.58065
A8: Where can I set if I want to warmup? | B8: Temperature | C8: stove,bed | D8: Temperature,Play,Laziness,Injury avoidance,Thirst,Sleep | E8: electric fan,stove,private room | F8: living room,kitchen,bathroom | G8: 0.167 | H8: 1 | I8: =IF(G8+H8=0,0,2*G8*H8/(G8+H8)) -> 0.28620394 | J8: 0.333 | K8: 0.5 | L8: 225 | M8: =IF(J8+K8=0,0,ROUND(2*J8*K8/(J8+K8),3)) -> 0.4 | O8: 標準偏差
A9: Where can I check my appearance? | B9: Order,Exhibition,Exposition | C9: mirror | D9: Exhibition,Construction,Order,Sensory,Sexual,Exposition,Cognizance | E9: mirror,bathroom counter,clothes shirt,clothes pants | F9: bedroom,living room,bathroom | G9: 0.429 | H9: 1 | I9: =IF(G9+H9=0,0,2*G9*H9/(G9+H9)) -> 0.60041987 | J9: 0.25 | K9: 1 | L9: 240 | M9: =IF(J9+K9=0,0,ROUND(2*J9*K9/(J9+K9),3)) -> 0.4 | O9: =_xlfn.STDEV.P(L2:L94) -> 74.881602
A10: Where should I put my jackets? | B10: Order,Conservance | C10: closet,hanger | D10: Exhibition,Temperature,Order | E10: hanger,cabinet,closet,floor shelf,box | F10: kitchen,bedroom,living room,bathroom | G10: 0.333 | H10: 0.5 | I10: =IF(G10+H10=0,0,2*G10*H10/(G10+H10)) -> 0.3997599 | J10: 0.4 | K10: 1 | L10: 220 | M10: =IF(J10+K10=0,0,ROUND(2*J10*K10/(J10+K10),3)) -> 0.571
A11: Where can my kids go to read? | B11: Play,Cognizance | C11: book,chair,table,bed,sofa,desk | D11: Cognizance | E11: book,desk | F11: living room | G11: 1 | H11: 0.5 | I11: =IF(G11+H11=0,0,2*G11*H11/(G11+H11)) -> 0.66666667 | J11: 1 | K11: 0.333 | L11: 119 | M11: =IF(J11+K11=0,0,ROUND(2*J11*K11/(J11+K11),3)) -> 0.5
A12: Where can I put my jacket? | B12: Order,Conservance | C12: closet,hanger | D12: Exhibition,Temperature,Order | E12: hanger,cabinet,pile of clothes,closet,closet drawers | F12: kitchen,bedroom,living room,bathroom | G12: 0.333 | H12: 0.5 | I12: =IF(G12+H12=0,0,2*G12*H12/(G12+H12)) -> 0.3997599 | J12: 0.4 | K12: 1 | L12: 223 | M12: =IF(J12+K12=0,0,ROUND(2*J12*K12/(J12+K12),3)) -> 0.571
A13: Where can I wipe my shoes? | B13: Conservance,Order | C13: cleaning sponge,rug | D13: Emission,Injury avoidance,Conservance,Exhibition,Order,Toxicity avoidance,Nurturance | E13: floor,kitchen table,garage door,mudroom rug | F13: kitchen,bedroom,living room,bathroom | G13: 0.286 | H13: 1 | I13: =IF(G13+H13=0,0,2*G13*H13/(G13+H13)) -> 0.44479005 | J13: 0 | K13: 0 | L13: 261 | M13: =IF(J13+K13=0,0,ROUND(2*J13*K13/(J13+K13),3)) -> 0
A14: Where can I put my hat? | B14: Order | C14: closet,closet drawers,hanger,desk,table | D14: Exhibition,Construction,Exposition | E14: closet,table,desk,closet drawers | F14: kitchen,bedroom,living room,bathroom | G14: 0 | H14: 0 | I14: =IF(G14+H14=0,0,2*G14*H14/(G14+H14)) -> 0 | J14: 1 | K14: 0.8 | L14: 157 | M14: =IF(J14+K14=0,0,ROUND(2*J14*K14/(J14+K14),3)) -> 0.889
A15: I want to take a nap. | B15: Sleep,Laziness | C15: bed,chair,sofa,private room,floor | D15: Sleep,Laziness,Play,Nursing,Thirst,Nurturance,Sensory,Hunger,Injury avoidance,Temperature,Achievement,Breathing | E15: bed,sofa,pillow,private room,nightstand | F15: bedroom,living room,kitchen,bathroom | G15: 0.167 | H15: 1 | I15: =IF(G15+H15=0,0,2*G15*H15/(G15+H15)) -> 0.28620394 | J15: 0.6 | K15: 0.6 | L15: 304 | M15: =IF(J15+K15=0,0,ROUND(2*J15*K15/(J15+K15),3)) -> 0.6
A16: Where can I sit and eat if I don't want to use the dining table? | B16: Hunger | C16: desk,chair,sofa,private room, kitchen counter, kitchen table | D16: Exposition,Play,Hunger,Cognizance,Achievement,Acquisition,Order,Nursing,Laziness,Sleep,Toxicity avoidance,Conservance,Thirst,Construction,Exhibition | E16: sofa,bed,desk,bathtub,chair | F16: bedroom,living room,kitchen,bathroom | G16: 0.067 | H16: 1 | I16: =IF(G16+H16=0,0,2*G16*H16/(G16+H16)) -> 0.12558575 | J16: 0.6 | K16: 0.5 | L16: 393 | M16: =IF(J16+K16=0,0,ROUND(2*J16*K16/(J16+K16),3)) -> 0.545
A17: Where can I put my apples? | B17: Conservance,Order | C17: wall shelf,kitchen cabinet,kitchen counter,table,desk,kitchen table,dish | D17: Exposition,Hunger,Construction,Acquisition,Order,Sexual,Retention,Exhibition,Play,Laziness,Sleep | E17: cabinet,kitchen table,kitchen counter,refrigerator,box | F17: bedroom,kitchen | G17: 0.091 | H17: 0.5 | I17: =IF(G17+H17=0,0,2*G17*H17/(G17+H17)) -> 0.15397631 | J17: 0.4 | K17: 0.286 | L17: 345 | M17: =IF(J17+K17=0,0,ROUND(2*J17*K17/(J17+K17),3)) -> 0.334
A18: Where can I dry my shoes when I come into the house? | B18: Conservance,Order | C18: rug,floor | D18: Conservance,Injury avoidance,Thirst,Temperature,Retention,Order,Nursing,Play,Exhibition,Sleep,Laziness,Sexual,Acquisition,Sensory,Nurturance,Exposition,Toxicity avoidance | E18: towel rack,door,closet,ventilation fan,wall | F18: kitchen,bedroom,living room,bathroom | G18: 0.118 | H18: 1 | I18: =IF(G18+H18=0,0,2*G18*H18/(G18+H18)) -> 0.21109123 | J18: 0 | K18: 0 | L18: 353 | M18: =IF(J18+K18=0,0,ROUND(2*J18*K18/(J18+K18),3)) -> 0
A19: Where can I lay down and read a book? | B19: Laziness,Sleep,Cognizance | C19: bed,sofa,floor,private room | D19: Play,Achievement,Cognizance,Laziness,Acquisition,Exposition | E19: bed,sofa,pillow,floor,chair | F19: bedroom,living room,kitchen,bathroom | G19: 0.333 | H19: 0.667 | I19: =IF(G19+H19=0,0,2*G19*H19/(G19+H19)) -> 0.444222 | J19: 0.6 | K19: 0.75 | L19: 174 | M19: =IF(J19+K19=0,0,ROUND(2*J19*K19/(J19+K19),3)) -> 0.667
A20: Where can I warm up? | B20: Temperature,Sensory desire | C20: stove,bed | D20: Temperature,Play,Thirst,Injury avoidance,Conservance,Laziness | E20: refrigerator,coffee maker,stove,electric fan,bathtub,slippers,mug,private room,chair | F20: bedroom,living room,kitchen,bathroom | G20: 0.167 | H20: 0.5 | I20: =IF(G20+H20=0,0,2*G20*H20/(G20+H20)) -> 0.25037481 | J20: 0.111 | K20: 0.5 | L20: 261 | M20: =IF(J20+K20=0,0,ROUND(2*J20*K20/(J20+K20),3)) -> 0.182
A21: Where can I get drinking water? | B21: Thirst | C21: sink,water glass,faucet,mug,refrigerator | D21: Thirst,Toxicity avoidance,Conservance,Nursing,Temperature,Breathing,Hunger,Emission,Play | E21: sink,water glass,faucet,refrigerator | F21: kitchen,living room,bathroom | G21: 0.111 | H21: 1 | I21: =IF(G21+H21=0,0,2*G21*H21/(G21+H21)) -> 0.19981998 | J21: 1 | K21: 0.8 | L21: 298 | M21: =IF(J21+K21=0,0,ROUND(2*J21*K21/(J21+K21),3)) -> 0.889
... A84: I need to fix something and may require a screwdriver,where should I look? | B84: Conservance,Acquisition | C84: wall shelf,cabinet,closet,box | D84: Construction,Conservance,Retention,Order,Sleep,Acquisition,Play,Temperature,Nursing,Cognizance,Thirst,Hunger,Injury avoidance | E84: cabinet,closet,kitchen cabinet,desk,box | F84: kitchen,bedroom,living room,bathroom | G84: 0.154 | H84: 1 | I84: =IF(G84+H84=0,0,2*G84*H84/(G84+H84)) -> 0.26689775 | J84: 0.6 | K84: 0.75 | L84: 392 | M84: =IF(J84+K84=0,0,ROUND(2*J84*K84/(J84+K84),3)) -> 0.667
A85: I have a couple of mails that I would like to deliver through USPS,so where should I put them? | B85: Conservance,Order | C85: box | D85: [none] | E85: mailbox,post office | G85: 0 | H85: 0 | I85: =IF(G85+H85=0,0,2*G85*H85/(G85+H85)) -> 0 | J85: 0 | K85: 0 | L85: 118 | M85: =IF(J85+K85=0,0,ROUND(2*J85*K85/(J85+K85),3)) -> 0
A86: I need to get rid of the stack of papers on my desk. Where should I put it? | B86: Order,Conservance | C86: wall shelf,garbage,cabinet,bookshelf,box | D86: Emission,Order,Toxicity avoidance,Retention,Injury avoidance | E86: folder,box,bookshelf,garbage | F86: living room,kitchen | G86: 0.2 | H86: 0.5 | I86: =IF(G86+H86=0,0,2*G86*H86/(G86+H86)) -> 0.28571429 | J86: 0.75 | K86: 0.6 | L86: 230 | M86: =IF(J86+K86=0,0,ROUND(2*J86*K86/(J86+K86),3)) -> 0.667
A87: Where should I put the wire to charge my computer if I'm sitting at the desk with the backpack on it? | B87: Conservance,Order | C87: desk,computer,power socket,table | D87: Acquisition,Exposition,Achievement,Cognizance,Laziness,Play,Order,Construction,Sleep,Conservance,Thirst,Temperature,Retention,Nursing,Sexual | E87: desk,power socket,computer | F87: kitchen,bedroom,living room,bathroom | G87: 0.133 | H87: 1 | I87: =IF(G87+H87=0,0,2*G87*H87/(G87+H87)) -> 0.23477493 | J87: 1 | K87: 0.75 | L87: 339 | M87: =IF(J87+K87=0,0,ROUND(2*J87*K87/(J87+K87),3)) -> 0.857
A88: Where did I put my pink shirt? | B88: Acquisition,Conservance,Order | C88: closet,hanger,pile of clothes | D88: Exhibition,Sexual,Order,Exposition,Nursing | E88: hanger,closet,pile of clothes,nightstand,clothes shirt | F88: kitchen,bedroom,living room,bathroom | G88: 0.2 | H88: 0.333 | I88: =IF(G88+H88=0,0,2*G88*H88/(G88+H88)) -> 0.24990619 | J88: 0.6 | K88: 1 | L88: 239 | M88: =IF(J88+K88=0,0,ROUND(2*J88*K88/(J88+K88),3)) -> 0.75
A89: How can I cool myself off? | B89: Temperature | C89: ventilation fan,electric fan | D89: Temperature,Thirst,Breathing,Laziness,Sensory,Play,Injury avoidance | E89: ventilation fan,refrigerator,electric fan,water glass,sink,faucet,bathtub | F89: living room,kitchen,bathroom | G89: 0.143 | H89: 1 | I89: =IF(G89+H89=0,0,2*G89*H89/(G89+H89)) -> 0.25021872 | J89: 0.286 | K89: 1 | L89: 217 | M89: =IF(J89+K89=0,0,ROUND(2*J89*K89/(J89+K89),3)) -> 0.445
A90: After washing my hands in the sink,what should I use to dry my hands? | B90: Conservance,Order | C90: towel,tissue,towel rack | D90: Conservance,Thirst,Toxicity avoidance,Emission,Nursing,Nurturance,Order,Sensory,Exhibition,Retention,Exposition,Play,Temperature,Construction,Achievement,Sleep,Acquisition,Injury avoidance,Hunger,Cognizance | E90: towel | F90: bathroom | G90: 0.1 | H90: 1 | I90: =IF(G90+H90=0,0,2*G90*H90/(G90+H90)) -> 0.18181818 | J90: 1 | K90: 0.333 | L90: 398 | M90: =IF(J90+K90=0,0,ROUND(2*J90*K90/(J90+K90),3)) -> 0.5
A91: Where do I reach for laundry detergent? | B91: Conservance,Acquisition | C91: dishwashing liquid,washing machine,cleaning sponge,bathroom cabinet,cabinet | D91: Conservance,Nursing,Toxicity avoidance,Exhibition,Retention,Sensory,Injury avoidance,Nurturance,Order,Emission,Sexual | E91: kitchen cabinet,washing machine | F91: kitchen,bathroom | G91: 0.091 | H91: 0.5 | I91: =IF(G91+H91=0,0,2*G91*H91/(G91+H91)) -> 0.15397631 | J91: 0.5 | K91: 0.2 | L91: 281 | M91: =IF(J91+K91=0,0,ROUND(2*J91*K91/(J91+K91),3)) -> 0.286
A92: Where could i wash my hands | B92: Toxicity avoidance | C92: sink,soap,faucet | D92: Conservance,Emission,Toxicity avoidance,Nursing,Nurturance,Sensory,Exhibition,Thirst | E92: sink,faucet,soap,towel | F92: kitchen,bathroom | G92: 0.125 | H92: 1 | I92: =IF(G92+H92=0,0,2*G92*H92/(G92+H92)) -> 0.22222222 | J92: 0.75 | K92: 1 | L92: 234 | M92: =IF(J92+K92=0,0,ROUND(2*J92*K92/(J92+K92),3)) -> 0.857
A93: What should I do to cool down? | B93: Temperature | C93: ventilation fan,electric fan | D93: Temperature,Thirst,Play,Laziness,Breathing,Injury avoidance,Sleep,Sensory | E93: ventilation fan,refrigerator,electric fan,bathtub,faucet | F93: living room,kitchen,bathroom | G93: 0.125 | H93: 1 | I93: =IF(G93+H93=0,0,2*G93*H93/(G93+H93)) -> 0.22222222 | J93: 0.4 | K93: 1 | L93: 234 | M93: =IF(J93+K93=0,0,ROUND(2*J93*K93/(J93+K93),3)) -> 0.571
A94: Where do I throw away food packages? | B94: Order | C94: garbage | D94: Hunger,Emission,Conservance,Injury avoidance,Order,Nursing,Nurturance,Exhibition | E94: garbage | F94: living room | G94: 0.125 | H94: 1 | I94: =IF(G94+H94=0,0,2*G94*H94/(G94+H94)) -> 0.22222222 | J94: 1 | K94: 1 | L94: 318 | M94: =IF(J94+K94=0,0,ROUND(2*J94*K94/(J94+K94),3)) -> 1

Sheet test_rag_border03_4o
A1: 発話事例 | B1: 欲求の種類 | C1: 正解の物 | D1: rag出力 | E1: 物の出力 | F1: 部屋 | G1: 適合率(欲求) | H1: 再現率(欲求) | I1: F値(欲求) | J1: 適合率(物) | K1: 再現率(物) | L1: トークン数 | M1: F値（物） | N1: 適合率 | O1: 再現率 | P1: F値平均
A2: Is there something to wipe my nose? If so where is it? | B2: Emission,Order | C2: tissue,table,toilet paper | D2: Emission,Breathing | E2: toilet paper,tissue | F2: bathroom,living room | G2: 0.5 | H2: 0.5 | I2: =IF(G2+H2=0,0,2*G2*H2/(G2+H2)) -> 0.5 | J2: 1 | K2: 0.667 | L2: 129 | M2: =IF(J2+K2=0,0,ROUND(2*J2*K2/(J2+K2),3)) -> 0.8 | N2: =ROUND(AVERAGE(J2:J94),3) -> 0.395 | O2: =ROUND(AVERAGE(K2:K94),3) -> 0.496 | P2: =SUM(M2:M94)/93 -> 0.40022581
A3: Where can I take a nap? | B3: Laziness,Sleep | C3: bed,chair,sofa,private room,floor | D3: Sleep,Laziness,Play | E3: bed,rug,private room,sofa,floor,chair | F3: kitchen,bathroom,living room,bedroom | G3: 0.667 | H3: 1 | I3: =IF(G3+H3=0,0,2*G3*H3/(G3+H3)) -> 0.80023995 | J3: 0.833 | K3: 1 | L3: 192 | M3: =IF(J3+K3=0,0,ROUND(2*J3*K3/(J3+K3),3)) -> 0.909
A4: Where can I wash my hands? | B4: Toxicity avoidance | C4: sink,faucet,toilet | D4: [none] | E4: sink,bathroom,kitchen,cafeteria,hand sanitiser station,restroom | F4: bathroom,kitchen | G4: 0 | H4: 0 | I4: =IF(G4+H4=0,0,2*G4*H4/(G4+H4)) -> 0 | J4: 0.167 | K4: 0.333 | L4: 116 | M4: =IF(J4+K4=0,0,ROUND(2*J4*K4/(J4+K4),3)) -> 0.222
A5: Where should I store fruits that I want to last long? | B5: Conservance,Order | C5: refrigerator,kitchen cabinet | D5: Hunger | E5: refrigerator | F5: kitchen | G5: 0 | H5: 0 | I5: =IF(G5+H5=0,0,2*G5*H5/(G5+H5)) -> 0 | J5: 1 | K5: 0.5 | L5: 169 | M5: =IF(J5+K5=0,0,ROUND(2*J5*K5/(J5+K5),3)) -> 0.667 | N5: =ROUND(AVERAGE(G2:G94),3) -> 0.309 | O5: =ROUND(AVERAGE(H2:H94),3) -> 0.369 | P5: =ROUND(AVERAGE(I2:I94),3) -> 0.308
A6: Where can I take notes? | B6: Cognizance,Exposition | C6: desk,table,computer,mobile phone | D6: [none] | E6: notebook,smartphone,laptop,tablet,journal,whiteboard,sticky notes,desktop computer,blackboard,notepad | G6: 0 | H6: 0 | I6: =IF(G6+H6=0,0,2*G6*H6/(G6+H6)) -> 0 | J6: 0 | K6: 0 | L6: 123 | M6: =IF(J6+K6=0,0,ROUND(2*J6*K6/(J6+K6),3)) -> 0 | O6: 平均トークン
A7: Where can I brush my teeth? | B7: Conservance,Toxicity avoidance | C7: toothbrush,toothpaste,faucet,sink,toilet | D7: Toxicity avoidance | E7: sink,faucet | F7: bathroom,kitchen | G7: 1 | H7: 0.5 | I7: =IF(G7+H7=0,0,2*G7*H7/(G7+H7)) -> 0.66666667 | J7: 1 | K7: 0.4 | L7: 131 | M7: =IF(J7+K7=0,0,ROUND(2*J7*K7/(J7+K7),3)) -> 0.571 | O7: =AVERAGE(L2:L94) -> 155.86022
A8: Where can I set if I want to warmup? | B8: Temperature | C8: stove,bed | D8: Temperature | E8: electric fan,stove | F8: kitchen,living room | G8: 1 | H8: 1 | I8: =IF(G8+H8=0,0,2*G8*H8/(G8+H8)) -> 1 | J8: 0.5 | K8: 0.5 | L8: 132 | M8: =IF(J8+K8=0,0,ROUND(2*J8*K8/(J8+K8),3)) -> 0.5 | O8: 標準偏差
A9: Where can I check my appearance? | B9: Order,Exhibition,Exposition | C9: mirror | D9: Exhibition | E9: mirror,mobile phone | F9: living room,bathroom,kitchen | G9: 1 | H9: 0.333 | I9: =IF(G9+H9=0,0,2*G9*H9/(G9+H9)) -> 0.49962491 | J9: 0.5 | K9: 1 | L9: 138 | M9: =IF(J9+K9=0,0,ROUND(2*J9*K9/(J9+K9),3)) -> 0.667 | O9: =_xlfn.STDEV.P(L2:L94) -> 41.60221
A10: Where should I put my jackets? | B10: Order,Conservance | C10: closet,hanger | D10: [none] | E10: closet,coat rack,wardrobe,hanger,mudroom,entryway,hook,peg | F10: living room,bathroom,bedroom | G10: 0 | H10: 0 | I10: =IF(G10+H10=0,0,2*G10*H10/(G10+H10)) -> 0 | J10: 0.25 | K10: 1 | L10: 118 | M10: =IF(J10+K10=0,0,ROUND(2*J10*K10/(J10+K10),3)) -> 0.4
A11: Where can my kids go to read? | B11: Play,Cognizance | C11: book,chair,table,bed,sofa,desk | D11: [none] | E11: library,bookstore,school,home,park | G11: 0 | H11: 0 | I11: =IF(G11+H11=0,0,2*G11*H11/(G11+H11)) -> 0 | J11: 0 | K11: 0 | L11: 109 | M11: =IF(J11+K11=0,0,ROUND(2*J11*K11/(J11+K11),3)) -> 0
A12: Where can I put my jacket? | B12: Order,Conservance | C12: closet,hanger | D12: [none] | E12: closet,coat rack,hook,chair,bench,table,basket,wardrobe,armchair,dresser,dining chair | F12: living room,bathroom,kitchen,bedroom | G12: 0 | H12: 0 | I12: =IF(G12+H12=0,0,2*G12*H12/(G12+H12)) -> 0 | J12: 0.091 | K12: 0.5 | L12: 124 | M12: =IF(J12+K12=0,0,ROUND(2*J12*K12/(J12+K12),3)) -> 0.154
A13: Where can I wipe my shoes? | B13: Conservance,Order | C13: cleaning sponge,rug | D13: Emission | E13: tissue,toilet paper | F13: bathroom,living room | G13: 0 | H13: 0 | I13: =IF(G13+H13=0,0,2*G13*H13/(G13+H13)) -> 0 | J13: 0 | K13: 0 | L13: 112 | M13: =IF(J13+K13=0,0,ROUND(2*J13*K13/(J13+K13),3)) -> 0
A14: Where can I put my hat? | B14: Order | C14: closet,closet drawers,hanger,desk,table | D14: [none] | E14: hat rack,coat rack,hall tree,closet,hook,table,chair,shelf | F14: living room,bathroom,kitchen,bedroom | G14: 0 | H14: 0 | I14: =IF(G14+H14=0,0,2*G14*H14/(G14+H14)) -> 0 | J14: 0.25 | K14: 0.4 | L14: 117 | M14: =IF(J14+K14=0,0,ROUND(2*J14*K14/(J14+K14),3)) -> 0.308
A15: I want to take a nap. | B15: Sleep,Laziness | C15: bed,chair,sofa,private room,floor | D15: Sleep,Laziness,Play | E15: bed,pillow,rug,private room,sofa,nightstand,floor,curtain | F15: kitchen,living room,bathroom,bedroom | G15: 0.667 | H15: 1 | I15: =IF(G15+H15=0,0,2*G15*H15/(G15+H15)) -> 0.80023995 | J15: 0.5 | K15: 0.8 | L15: 198 | M15: =IF(J15+K15=0,0,ROUND(2*J15*K15/(J15+K15),3)) -> 0.615
A16: Where can I sit and eat if I don't want to use the dining table? | B16: Hunger | C16: desk,chair,sofa,private room, kitchen counter, kitchen table | D16: Exposition,Play,Hunger,Cognizance | E16: sofa,chair,floor,desk,private room,nightstand | F16: kitchen,living room,bathroom,bedroom | G16: 0.25 | H16: 1 | I16: =IF(G16+H16=0,0,2*G16*H16/(G16+H16)) -> 0.4 | J16: 0.667 | K16: 0.667 | L16: 233 | M16: =IF(J16+K16=0,0,ROUND(2*J16*K16/(J16+K16),3)) -> 0.667
A17: Where can I put my apples? | B17: Conservance,Order | C17: wall shelf,kitchen cabinet,kitchen counter,table,desk,kitchen table,dish | D17: [none] | E17: To help you determine where you can put your apples, I need the list of possible objects to consider. Please provide the list so I can assist you further! | G17: 0 | H17: 0 | I17: =IF(G17+H17=0,0,2*G17*H17/(G17+H17)) -> 0 | J17: 0 | K17: 0 | L17: 130 | M17: =IF(J17+K17=0,0,ROUND(2*J17*K17/(J17+K17),3)) -> 0
A18: Where can I dry my shoes when I come into the house? | B18: Conservance,Order | C18: rug,floor | D18: Conservance,Injury avoidance | E18: rug,washing machine,hanger socket,ventilation fan,towel | F18: kitchen,bathroom,living room,bedroom | G18: 0.5 | H18: 0.5 | I18: =IF(G18+H18=0,0,2*G18*H18/(G18+H18)) -> 0.5 | J18: 0.2 | K18: 0.5 | L18: 188 | M18: =IF(J18+K18=0,0,ROUND(2*J18*K18/(J18+K18),3)) -> 0.286
A19: Where can I lay down and read a book? | B19: Laziness,Sleep,Cognizance | C19: bed,sofa,floor,private room | D19: [none] | E19: bed,sofa,hammock,chaise longue,lounge chair,bean bag,recliner,sun lounger,grass,blanket | F19: kitchen,living room,bedroom | G19: 0 | H19: 0 | I19: =IF(G19+H19=0,0,2*G19*H19/(G19+H19)) -> 0 | J19: 0.2 | K19: 0.5 | L19: 130 | M19: =IF(J19+K19=0,0,ROUND(2*J19*K19/(J19+K19),3)) -> 0.286
A20: Where can I warm up? | B20: Temperature,Sensory desire | C20: stove,bed | D20: Temperature | E20: bathtub,stove,coffee maker | F20: bathroom,kitchen | G20: 1 | H20: 0.5 | I20: =IF(G20+H20=0,0,2*G20*H20/(G20+H20)) -> 0.66666667 | J20: 0.333 | K20: 0.5 | L20: 130 | M20: =IF(J20+K20=0,0,ROUND(2*J20*K20/(J20+K20),3)) -> 0.4
A21: Where can I get drinking water? | B21: Thirst | C21: sink,water glass,faucet,mug,refrigerator | D21: Thirst,Toxicity avoidance | E21: sink,refrigerator,water glass,faucet | F21: living room,bathroom,kitchen | G21: 0.5 | H21: 1 | I21: =IF(G21+H21=0,0,2*G21*H21/(G21+H21)) -> 0.66666667 | J21: 1 | K21: 0.8 | L21: 153 | M21: =IF(J21+K21=0,0,ROUND(2*J21*K21/(J21+K21),3)) -> 0.889
A22: Where can I wash my hands on the second story of the house? | B22: Order,Toxicity avoidance,Emission | C22: sink,soap,faucet,toilet | D22: Conservance | E22: faucet,sink,soap | F22: bathroom,kitchen | G22: 0 | H22: 0 | I22: =IF(G22+H22=0,0,2*G22*H22/(G22+H22)) -> 0 | J22: 1 | K22: 0.75 | L22: 174 | M22: =IF(J22+K22=0,0,ROUND(2*J22*K22/(J22+K22),3)) -> 0.857
A23: Where can I hang my towel so I don't have to leave the shower to dry off? | B23: Order | C23: towel rack,hanger | D23: Conservance,Exhibition,Retention | E23: faucet,bathtub | F23: bathroom,kitchen | G23: 0 | H23: 0 | I23: =IF(G23+H23=0,0,2*G23*H23/(G23+H23)) -> 0 | J23: 0 | K23: 0 | L23: 213 | M23: =IF(J23+K23=0,0,ROUND(2*J23*K23/(J23+K23),3)) -> 0
A24: where can I keep a photo frame? | B24: Conservance,Order | C24: wall picture frame,wall shelf,desk,table | D24: Construction,Retention,Order | E24: wall,kitchen table,cabinet,towel rack,bathroom counter,kitchen cabinet,wall,TV stand,mirror,floor shelf,kitchen counter,bookshelf | F24: kitchen,bathroom,living room,bedroom | G24: 0.333 | H24: 0.5 | I24: =IF(G24+H24=0,0,2*G24*H24/(G24+H24)) -> 0.3997599 | J24: 0 | K24: 0 | L24: 228 | M24: =IF(J24+K24=0,0,ROUND(2*J24*K24/(J24+K24),3)) -> 0
A25: where can I keep a couple of apples? | B25: Retention,Conservance,Order | C25: wall shelf,kitchen cabinet,kitchen counter,table,desk,refrigerator | D25: Retention | E25: closet,closet drawers,refrigerator | F25: living room,bathroom,kitchen,bedroom | G25: 1 | H25: 0.333 | I25: =IF(G25+H25=0,0,2*G25*H25/(G25+H25)) -> 0.49962491 | J25: 0.333 | K25: 0.167 | L25: 147 | M25: =IF(J25+K25=0,0,ROUND(2*J25*K25/(J25+K25),3)) -> 0.222
A26: where can I keep a new ironed shirt? | B26: Conservance,Order | C26: closet,hanger | D26: [none] | E26: hanger,closet,wardrobe,dresser,clothes rack,shelf | F26: living room,bathroom,bedroom | G26: 0 | H26: 0 | I26: =IF(G26+H26=0,0,2*G26*H26/(G26+H26)) -> 0 | J26: 0.333 | K26: 1 | L26: 116 | M26: =IF(J26+K26=0,0,ROUND(2*J26*K26/(J26+K26),3)) -> 0.5
A27: where can I sit? | B27: Laziness | C27: chair,sofa,bed,rug | D27: [none] | E27: Chair,Sofa,Stool,Bench,Rocking Chair,Armchair,Recliner,Couch,Ottoman,Futon,Pouffe,Bean Bag,Hammock,Deck Chair,Park Bench,Bar Stool,Chaise Longue | G27: 0 | H27: 0 | I27: =IF(G27+H27=0,0,2*G27*H27/(G27+H27)) -> 0 | J27: 0 | K27: 0 | L27: 145 | M27: =IF(J27+K27=0,0,ROUND(2*J27*K27/(J27+K27),3)) -> 0
A28: where can I keep the keyboard | B28: Order | C28: desk,table | D28: [none] | E28: desk,table,drawer,shelf,cabinet | F28: kitchen,bedroom,living room | G28: 0 | H28: 0 | I28: =IF(G28+H28=0,0,2*G28*H28/(G28+H28)) -> 0 | J28: 0.4 | K28: 1 | L28: 107 | M28: =IF(J28+K28=0,0,ROUND(2*J28*K28/(J28+K28),3)) -> 0.571
A29: where can I keep a small container with chalks? | B29: Order | C29: desk,box,table | D29: Retention,Conservance | E29: closet,closet drawers | F29: living room,bathroom,bedroom | G29: 0 | H29: 0 | I29: =IF(G29+H29=0,0,2*G29*H29/(G29+H29)) -> 0 | J29: 0 | K29: 0 | L29: 188 | M29: =IF(J29+K29=0,0,ROUND(2*J29*K29/(J29+K29),3)) -> 0
A30: where can I store clothes? | B30: Order,Conservance,Retention | C30: closet,closet drawers,hanger | D30: Retention,Conservance,Exhibition,Order | E30: closet,box,cabinet,kitchen cabinet,hanger,closet drawers,TV stand,floor shelf,bookshelf | F30: living room,bathroom,kitchen,bedroom | G30: 0.75 | H30: 1 | I30: =IF(G30+H30=0,0,2*G30*H30/(G30+H30)) -> 0.85714286 | J30: 0.333 | K30: 1 | L30: 260 | M30: =IF(J30+K30=0,0,ROUND(2*J30*K30/(J30+K30),3)) -> 0.5
A31: where can I store books | B31: Order,Conservance,Retention | C31: wall shelf,bookshelf | D31: Retention,Acquisition | E31: closet,folder,table,closet drawers,desk | F31: living room,bathroom,kitchen,bedroom | G31: 0.5 | H31: 0.333 | I31: =IF(G31+H31=0,0,2*G31*H31/(G31+H31)) -> 0.3997599 | J31: 0 | K31: 0 | L31: 163 | M31: =IF(J31+K31=0,0,ROUND(2*J31*K31/(J31+K31),3)) -> 0
A32: Where can I place a glass of water? | B32: Order,Conservance,Thirst | C32: table,desk,kitchen counter,sink,refrigerator | D32: Thirst,Construction | E32: mug,sink,coffee pot,refrigerator,wine glass,water glass,coffee maker | F32: living room,bathroom,kitchen | G32: 0.5 | H32: 0.333 | I32: =IF(G32+H32=0,0,2*G32*H32/(G32+H32)) -> 0.3997599 | J32: 0.286 | K32: 0.4 | L32: 153 | M32: =IF(J32+K32=0,0,ROUND(2*J32*K32/(J32+K32),3)) -> 0.334
A33: Where can I relax and watch TV | B33: Laziness,Play | C33: chair,sofa,TV,television,bed | D33: [none] | E33: sofa,armchair,bed,lounge chair,recliner,couch,love seat | F33: kitchen,living room,bedroom | G33: 0 | H33: 0 | I33: =IF(G33+H33=0,0,2*G33*H33/(G33+H33)) -> 0 | J33: 0.286 | K33: 0.4 | L33: 116 | M33: =IF(J33+K33=0,0,ROUND(2*J33*K33/(J33+K33),3)) -> 0.334
A34: where can i find something to drink | B34: Thirst | C34: sink,faucet,refrigerator,table,desk | D34: Thirst,Hunger | E34: coffee pot,water glass,coffee maker,refrigerator,faucet,mug,wine glass,sink | F34: living room,bathroom,kitchen | G34: 0.5 | H34: 1 | I34: =IF(G34+H34=0,0,2*G34*H34/(G34+H34)) -> 0.66666667 | J34: 0.375 | K34: 0.6 | L34: 198 | M34: =IF(J34+K34=0,0,ROUND(2*J34*K34/(J34+K34),3)) -> 0.462
A35: Where can i relax a bit | B35: Laziness,Sleep | C35: chair,bed,rug,sofa,bathtub,private room | D35: Play,Laziness,Sleep | E35: bed,pillow,rug,private room,table lamp,wall lamp,nightstand,sofa,books,book,chair,electric fan,bathtub | F35: kitchen,living room,bathroom,bedroom | G35: 0.667 | H35: 1 | I35: =IF(G35+H35=0,0,2*G35*H35/(G35+H35)) -> 0.80023995 | J35: 0.462 | K35: 1 | L35: 210 | M35: =IF(J35+K35=0,0,ROUND(2*J35*K35/(J35+K35),3)) -> 0.632
A36: Where can I use the bathroom? | B36: Emission | C36: toilet | D36: Emission,Nursing,Toxicity avoidance,Conservance,Play | E36: toilet,private room,toilet paper,faucet,sink,soap,bathtub | F36: bathroom,kitchen | G36: 0.2 | H36: 1 | I36: =IF(G36+H36=0,0,2*G36*H36/(G36+H36)) -> 0.33333333 | J36: 0.143 | K36: 1 | L36: 232 | M36: =IF(J36+K36=0,0,ROUND(2*J36*K36/(J36+K36),3)) -> 0.25
A37: Where can I clean fruit while facing the dining room table? | B37: Toxicity avoidance,Order | C37: sink,kitchen counter | D37: Order,Conservance,Exposition,Toxicity avoidance | E37: kitchen table,kitchen counter | F37: kitchen | G37: 0.5 | H37: 1 | I37: =IF(G37+H37=0,0,2*G37*H37/(G37+H37)) -> 0.66666667 | J37: 0.5 | K37: 0.5 | L37: 232 | M37: =IF(J37+K37=0,0,ROUND(2*J37*K37/(J37+K37),3)) -> 0.5
A38: Where can I put my scarf? | B38: Order | C38: closet,hanger,closet drawers | D38: [none] | E38: Here is a list of objects where you can put your scarf: coat rack,drawer,hat rack,box,wardrobe,closet,shelf,dresser,hanger,basket | F38: bedroom,bathroom,living room,kitchen | G38: 0 | H38: 0 | I38: =IF(G38+H38=0,0,2*G38*H38/(G38+H38)) -> 0 | J38: 0.2 | K38: 0.667 | L38: 135 | M38: =IF(J38+K38=0,0,ROUND(2*J38*K38/(J38+K38),3)) -> 0.308
A39: Where can I find the time? | B39: Order,Cognizance | C39: TV,cell phone,computer | D39: [none] | E39: clock,watch,smartphone | G39: 0 | H39: 0 | I39: =IF(G39+H39=0,0,2*G39*H39/(G39+H39)) -> 0 | J39: 0 | K39: 0 | L39: 104 | M39: =IF(J39+K39=0,0,ROUND(2*J39*K39/(J39+K39),3)) -> 0
A40: Where can I watch a movie? | B40: Play | C40: TV,sofa,chair,television | D40: Play | E40: TV,sofa,mobile phone,television,private room | F40: bedroom,living room,bathroom,kitchen | G40: 1 | H40: 1 | I40: =IF(G40+H40=0,0,2*G40*H40/(G40+H40)) -> 1 | J40: 0.6 | K40: 0.75 | L40: 155 | M40: =IF(J40+K40=0,0,ROUND(2*J40*K40/(J40+K40),3)) -> 0.667
A41: I need to take a nap. | B41: Laziness,Sleep | C41: bed,chair,sofa,pillow | D41: Sleep,Laziness,Play | E41: bed,pillow,rug,private room,sofa,nightstand,floor,chair | F41: kitchen,living room,bathroom,bedroom | G41: 0.667 | H41: 1 | I41: =IF(G41+H41=0,0,2*G41*H41/(G41+H41)) -> 0.80023995 | J41: 0.5 | K41: 1 | L41: 197 | M41: =IF(J41+K41=0,0,ROUND(2*J41*K41/(J41+K41),3)) -> 0.667
A42: Where can I find the pink bowl? | B42: Hunger,Order,Acquisition | C42: bowl,kitchen cabinet, kitchen counter,kitchen table,dishwasher | D42: [none] | E42: pink bowl | G42: 0 | H42: 0 | I42: =IF(G42+H42=0,0,2*G42*H42/(G42+H42)) -> 0 | J42: 0 | K42: 0 | L42: 101 | M42: =IF(J42+K42=0,0,ROUND(2*J42*K42/(J42+K42),3)) -> 0
A43: Where can I store my luggage? | B43: Order,Retention | C43: closet,closet drawers,wall shelf,cabinet,box | D43: Retention | E43: closet,closet drawers,refrigerator | F43: living room,bathroom,kitchen,bedroom | G43: 1 | H43: 0.5 | I43: =IF(G43+H43=0,0,2*G43*H43/(G43+H43)) -> 0.66666667 | J43: 0.667 | K43: 0.4 | L43: 145 | M43: =IF(J43+K43=0,0,ROUND(2*J43*K43/(J43+K43),3)) -> 0.5
A44: Where can I find my toothbrush? | B44: Conservance,Order | C44: bathroom cabinet,toothbrush,toothpaste,sink | D44: Toxicity avoidance,Conservance,Retention | E44: toothbrush | F44: bathroom | G44: 0.333 | H44: 0.5 | I44: =IF(G44+H44=0,0,2*G44*H44/(G44+H44)) -> 0.3997599 | J44: 1 | K44: 0.25 | L44: 183 | M44: =IF(J44+K44=0,0,ROUND(2*J44*K44/(J44+K44),3)) -> 0.4
A45: Where can I get water? | B45: Thirst,Acquisition | C45: sink,water glass,faucet,mug,refrigerator | D45: Thirst,Conservance | E45: faucet,sink,bathtub | F45: bathroom,kitchen | G45: 0.5 | H45: 0.5 | I45: =IF(G45+H45=0,0,2*G45*H45/(G45+H45)) -> 0.5 | J45: 0.667 | K45: 0.4 | L45: 182 | M45: =IF(J45+K45=0,0,ROUND(2*J45*K45/(J45+K45),3)) -> 0.5
A46: Where can I store my undergarments? | B46: Order | C46: closet,closet drawers,hanger | D46: Retention,Conservance,Exhibition,Sexual,Nursing,Order | E46: closet,box,nightstand,closet drawers | F46: living room,bathroom,kitchen,bedroom | G46: 0.167 | H46: 1 | I46: =IF(G46+H46=0,0,2*G46*H46/(G46+H46)) -> 0.28620394 | J46: 0.5 | K46: 0.667 | L46: 274 | M46: =IF(J46+K46=0,0,ROUND(2*J46*K46/(J46+K46),3)) -> 0.572
A47: Where can I charge my laptop? | B47: Conservance,Acquisition | C47: power socket,table,desk,computer | D47: [none] | E47: table,electrical outlet,airport,library,cafe,coffee shop,co working space,office,public place | F47: kitchen | G47: 0 | H47: 0 | I47: =IF(G47+H47=0,0,2*G47*H47/(G47+H47)) -> 0 | J47: 0.111 | K47: 0.25 | L47: 121 | M47: =IF(J47+K47=0,0,ROUND(2*J47*K47/(J47+K47),3)) -> 0.154
A48: Where can you see the lamp? | B48: Order | C48: table lamp,ceiling lamp,wall lamp,nightstand | D48: Sleep | E48: nightstand,ceiling lamp,table lamp,wall lamp | F48: kitchen,living room,bathroom,bedroom | G48: 0 | H48: 0 | I48: =IF(G48+H48=0,0,2*G48*H48/(G48+H48)) -> 0 | J48: 1 | K48: 1 | L48: 143 | M48: =IF(J48+K48=0,0,ROUND(2*J48*K48/(J48+K48),3)) -> 1
A49: Where can I keep my shirt? | B49: Order,Retention | C49: hanger,closet,closet drawers,shirt | D49: [none] | E49: closet,drawer,wardrobe,armoire,hanger,shelf,dresser,storage box,hook | F49: living room,bathroom,bedroom | G49: 0 | H49: 0 | I49: =IF(G49+H49=0,0,2*G49*H49/(G49+H49)) -> 0 | J49: 0.222 | K49: 0.5 | L49: 119 | M49: =IF(J49+K49=0,0,ROUND(2*J49*K49/(J49+K49),3)) -> 0.307
A50: Where can the baby play? | B50: Play | C50: rug,private room,sofa,floor | D50: Nursing,Play | E50: rug,private room,floor | F50: kitchen,bathroom,living room,bedroom | G50: 0.5 | H50: 1 | I50: =IF(G50+H50=0,0,2*G50*H50/(G50+H50)) -> 0.66666667 | J50: 1 | K50: 0.75 | L50: 161 | M50: =IF(J50+K50=0,0,ROUND(2*J50*K50/(J50+K50),3)) -> 0.857
A51: Where can the adult take a nap? | B51: Laziness,Sleep | C51: bed,chair,sofa,pillow | D51: Sleep,Laziness,Play | E51: bed,sofa,rug,floor,private room,chair | F51: kitchen,living room,bathroom,bedroom | G51: 0.667 | H51: 1 | I51: =IF(G51+H51=0,0,2*G51*H51/(G51+H51)) -> 0.80023995 | J51: 0.5 | K51: 0.75 | L51: 193 | M51: =IF(J51+K51=0,0,ROUND(2*J51*K51/(J51+K51),3)) -> 0.6
A52: Where can you change baby's diaper? | B52: Emission,Nursing,Order | C52: bed,toilet,bathtub,floor | D52: Nursing,Emission,Nurturance | E52: chair,bed,floor,sofa,rug,bathroom cabinet,bathtub | F52: kitchen,living room,bathroom,bedroom | G52: 0.667 | H52: 0.667 | I52: =IF(G52+H52=0,0,2*G52*H52/(G52+H52)) -> 0.667 | J52: 0.429 | K52: 0.75 | L52: 158 | M52: =IF(J52+K52=0,0,ROUND(2*J52*K52/(J52+K52),3)) -> 0.546
A53: Where can I write math equations? | B53: Cognizance,Exposition | C53: desk,table,computer,call phone | D53: [none] | E53: notebook,whiteboard,blackboard,computer software,smartphone app,tablet,calculator | G53: 0 | H53: 0 | I53: =IF(G53+H53=0,0,2*G53*H53/(G53+H53)) -> 0 | J53: 0 | K53: 0 | L53: 117 | M53: =IF(J53+K53=0,0,ROUND(2*J53*K53/(J53+K53),3)) -> 0
A54: Where can I dry my hands? | B54: Emission,Order | C54: towel,sink,faucet | D54: [none] | E54: towel,hand dryer,napkin,paper towel | F54: bathroom | G54: 0 | H54: 0 | I54: =IF(G54+H54=0,0,2*G54*H54/(G54+H54)) -> 0 | J54: 0.25 | K54: 0.333 | L54: 109 | M54: =IF(J54+K54=0,0,ROUND(2*J54*K54/(J54+K54),3)) -> 0.286
A55: Where can I have a seat? | B55: Laziness | C55: chair,sofa,bed,rug,sofa,floor | D55: [none] | E55: chair,sofa,bench,stool,couch,love seat,armchair,rocking chair,bean bag,futon | F55: kitchen,living room,bedroom | G55: 0 | H55: 0 | I55: =IF(G55+H55=0,0,2*G55*H55/(G55+H55)) -> 0 | J55: 0.2 | K55: 0.5 | L55: 124 | M55: =IF(J55+K55=0,0,ROUND(2*J55*K55/(J55+K55),3)) -> 0.286
A56: Where can I sit down and rest? | B56: Sleep,Laziness | C56: sofa,bed,rug,chair | D56: Laziness,Sleep,Play | E56: bed,sofa,floor,chair,bathtub | F56: kitchen,living room,bathroom,bedroom | G56: 0.667 | H56: 1 | I56: =IF(G56+H56=0,0,2*G56*H56/(G56+H56)) -> 0.80023995 | J56: 0.6 | K56: 0.75 | L56: 191 | M56: =IF(J56+K56=0,0,ROUND(2*J56*K56/(J56+K56),3)) -> 0.667
A57: Where can I store some fruits so that they last long? | B57: Order,Conservance,Toxicity avoidance | C57: refrigerator,wall shelf | D57: Hunger,Retention | E57: refrigerator,closet,closet drawers | F57: bedroom,bathroom,living room,kitchen | G57: 0 | H57: 0 | I57: =IF(G57+H57=0,0,2*G57*H57/(G57+H57)) -> 0 | J57: 0.333 | K57: 0.5 | L57: 212 | M57: =IF(J57+K57=0,0,ROUND(2*J57*K57/(J57+K57),3)) -> 0.4
A58: Where can I get some pop drinks? | B58: Thirst,Hunger,Sensory desire | C58: refrigerator | D58: Thirst | E58: refrigerator | F58: kitchen | G58: 1 | H58: 0.333 | I58: =IF(G58+H58=0,0,2*G58*H58/(G58+H58)) -> 0.49962491 | J58: 1 | K58: 1 | L58: 123 | M58: =IF(J58+K58=0,0,ROUND(2*J58*K58/(J58+K58),3)) -> 1
A59: Where can I throw away paper waste in this room? | B59: Order,Emission | C59: garbage | D59: Emission,Play,Conservance,Toxicity avoidance,Order | E59: garbage | F59: living room | G59: 0.4 | H59: 1 | I59: =IF(G59+H59=0,0,2*G59*H59/(G59+H59)) -> 0.57142857 | J59: 1 | K59: 1 | L59: 263 | M59: =IF(J59+K59=0,0,ROUND(2*J59*K59/(J59+K59),3)) -> 1
A60: where can I sit to rest? | B60: Laziness,Sleep | C60: sofa,bed,rug,chair | D60: Laziness,Sleep,Play | E60: bed,sofa,private room,table,chair | F60: kitchen,living room,bathroom,bedroom | G60: 0.667 | H60: 1 | I60: =IF(G60+H60=0,0,2*G60*H60/(G60+H60)) -> 0.80023995 | J60: 0.6 | K60: 0.75 | L60: 190 | M60: =IF(J60+K60=0,0,ROUND(2*J60*K60/(J60+K60),3)) -> 0.667
A61: where can I place my food for comfortably having lunch? | B61: Hunger,Order | C61: table,desk,dish,kitchen table | D61: Hunger | E61: table,oven tray,dish | F61: living room,kitchen | G61: 1 | H61: 0.5 | I61: =IF(G61+H61=0,0,2*G61*H61/(G61+H61)) -> 0.66666667 | J61: 0.667 | K61: 0.5 | L61: 171 | M61: =IF(J61+K61=0,0,ROUND(2*J61*K61/(J61+K61),3)) -> 0.572
A62: Where can I place a bottle of shampoo while I shower? | B62: Order,Injury avoidance | C62: bathroom cabinet,bathroom counter | D62: Thirst,Nursing | E62: bathtub,sink,shelf | F62: bathroom,kitchen | G62: 0 | H62: 0 | I62: =IF(G62+H62=0,0,2*G62*H62/(G62+H62)) -> 0 | J62: 0 | K62: 0 | L62: 156 | M62: =IF(J62+K62=0,0,ROUND(2*J62*K62/(J62+K62),3)) -> 0
A63: Where can I place another towel to dry? | B63: Order | C63: towel rack,bathroom counter,hanger,closet,closet drawer,ceiling,cabinet,wall shelf | D63: Nursing | E63: chair,bed,sofa,closet,rug,bathtub,washing machine | F63: kitchen,living room,bathroom,bedroom | G63: 0 | H63: 0 | I63: =IF(G63+H63=0,0,2*G63*H63/(G63+H63)) -> 0 | J63: 0.143 | K63: 0.125 | L63: 142 | M63: =IF(J63+K63=0,0,ROUND(2*J63*K63/(J63+K63),3)) -> 0.133
A64: Where can I charge my computer? | B64: Conservance,Retention,Acquisition | C64: power socket,computer | D64: [none] | E64: A correct response to your query requires the list of objects you mentioned, which seems to be missing from your message. Please provide the list of objects you need help with, and I will assist you in identifying those suitable for charging your computer. | G64: 0 | H64: 0 | I64: =IF(G64+H64=0,0,2*G64*H64/(G64+H64)) -> 0 | J64: 0 | K64: 0 | L64: 146 | M64: =IF(J64+K64=0,0,ROUND(2*J64*K64/(J64+K64),3)) -> 0
A65: Where can I dispose of small bathroom waste items like tissue paper? | B65: Order,Emission | C65: garbage | D65: Emission,Conservance,Toxicity avoidance,Order,Retention | E65: toilet,garbage,mirror,sink,bathtub | F65: kitchen,bathroom,living room | G65: 0.4 | H65: 1 | I65: =IF(G65+H65=0,0,2*G65*H65/(G65+H65)) -> 0.57142857 | J65: 0.2 | K65: 1 | L65: 244 | M65: =IF(J65+K65=0,0,ROUND(2*J65*K65/(J65+K65),3)) -> 0.333
A66: Where can I set up a place to study? | B66: Cognizance,Exposition | C66: desk,table,computer,chair | D66: Order,Exposition,Acquisition | E66: kitchen table,table,desk,chair,bookshelf | F66: bedroom,living room,kitchen | G66: 0.333 | H66: 0.5 | I66: =IF(G66+H66=0,0,2*G66*H66/(G66+H66)) -> 0.3997599 | J66: 0.6 | K66: 0.75 | L66: 192 | M66: =IF(J66+K66=0,0,ROUND(2*J66*K66/(J66+K66),3)) -> 0.667
A67: Where can you find a painting? | B67: Cognizance,play | C67: wall picture frame,book,TV,television | D67: Exhibition,Construction | E67: photo frame | F67: kitchen,living room,bedroom | G67: 0 | H67: 0 | I67: =IF(G67+H67=0,0,2*G67*H67/(G67+H67)) -> 0 | J67: 0 | K67: 0 | L67: 144 | M67: =IF(J67+K67=0,0,ROUND(2*J67*K67/(J67+K67),3)) -> 0
A68: Where can I work in this place? | B68: Cognizance | C68: desk,table,chair,computer | D68: [none] | E68: I'm sorry, but it seems like you're asking for a list of objects where you might work, without providing the context or a list to choose from. Could you please provide the list of objects so I can assist you further? | G68: 0 | H68: 0 | I68: =IF(G68+H68=0,0,2*G68*H68/(G68+H68)) -> 0 | J68: 0 | K68: 0 | L68: 144 | M68: =IF(J68+K68=0,0,ROUND(2*J68*K68/(J68+K68),3)) -> 0
A69: Where can I sit to work? | B69: Achievement,Cognizance | C69: chair,desk,computer,sofa | D69: [none] | E69: chair,desk,kitchen table,couch,bench,stool,work table | F69: kitchen,living room,bedroom | G69: 0 | H69: 0 | I69: =IF(G69+H69=0,0,2*G69*H69/(G69+H69)) -> 0 | J69: 0.286 | K69: 0.5 | L69: 114 | M69: =IF(J69+K69=0,0,ROUND(2*J69*K69/(J69+K69),3)) -> 0.364
A70: Where can I rest? | B70: Laziness,Sleep | C70: bed,chair,sofa,rug,floor,bathtub | D70: Sleep,Laziness,Play | E70: bed,sofa,rug,private room,floor,chair | F70: kitchen,living room,bathroom,bedroom | G70: 0.667 | H70: 1 | I70: =IF(G70+H70=0,0,2*G70*H70/(G70+H70)) -> 0.80023995 | J70: 0.833 | K70: 0.833 | L70: 190 | M70: =IF(J70+K70=0,0,ROUND(2*J70*K70/(J70+K70),3)) -> 0.833
A71: Where can I write something? | B71: Cognizance,Exposition | C71: desk,table | D71: Exposition | E71: computer,desk,table | F71: kitchen,living room | G71: 1 | H71: 0.5 | I71: =IF(G71+H71=0,0,2*G71*H71/(G71+H71)) -> 0.66666667 | J71: 0.667 | K71: 1 | L71: 109 | M71: =IF(J71+K71=0,0,ROUND(2*J71*K71/(J71+K71),3)) -> 0.8
A72: Where should I store fruits that I want to last long? | B72: Order,Conservance | C72: refrigerator | D72: Hunger | E72: refrigerator | F72: kitchen | G72: 0 | H72: 0 | I72: =IF(G72+H72=0,0,2*G72*H72/(G72+H72)) -> 0 | J72: 1 | K72: 1 | L72: 169 | M72: =IF(J72+K72=0,0,ROUND(2*J72*K72/(J72+K72),3)) -> 1
A73: Where should I put my jackets and shoes? | B73: Order,Conservance | C73: closet | D73: [none] | E73: closet,coat rack,shoe rack,wardrobe,entryway bench | F73: living room,bathroom,bedroom | G73: 0 | H73: 0 | I73: =IF(G73+H73=0,0,2*G73*H73/(G73+H73)) -> 0 | J73: 0.2 | K73: 1 | L73: 115 | M73: =IF(J73+K73=0,0,ROUND(2*J73*K73/(J73+K73),3)) -> 0.333
A74: After washing my hands in the sink,what should I use to dry my hands? | B74: Conservance,Order | C74: towel,tissue,towel rack | D74: Conservance,Thirst,Toxicity avoidance,Emission,Nursing | E74: towel,tissue | F74: bathroom,living room | G74: 0.2 | H74: 0.5 | I74: =IF(G74+H74=0,0,2*G74*H74/(G74+H74)) -> 0.28571429 | J74: 1 | K74: 0.667 | L74: 209 | M74: =IF(J74+K74=0,0,ROUND(2*J74*K74/(J74+K74),3)) -> 0.8
A75: I want to host a dinner party on a summer evening,where should I set the table? | B75: Hunger,Play,Construction | C75: kitchen table,table,sofa,chair,privete room | D75: [none] | E75: garden,patio,terrace,balcony,rooftop,yard,veranda,deck,lawn | G75: 0 | H75: 0 | I75: =IF(G75+H75=0,0,2*G75*H75/(G75+H75)) -> 0 | J75: 0 | K75: 0 | L75: 133 | M75: =IF(J75+K75=0,0,ROUND(2*J75*K75/(J75+K75),3)) -> 0
A76: I need to charge my laptop,where can I find a power outlet? | B76: Conservance,Retention,Acquisition | C76: computer | D76: [none] | E76: desk,table,wall,charging station,café,library,airport,train station | F76: kitchen,bedroom,bathroom,living room | G76: 0 | H76: 0 | I76: =IF(G76+H76=0,0,2*G76*H76/(G76+H76)) -> 0 | J76: 0 | K76: 0 | L76: 123 | M76: =IF(J76+K76=0,0,ROUND(2*J76*K76/(J76+K76),3)) -> 0
A77: Where should I look if I want to research a topic? | B77: Cognizance | C77: computer,book,CPU screen | D77: Cognizance | E77: computer,desk,mobile phone,book,table | F77: kitchen,living room | G77: 1 | H77: 1 | I77: =IF(G77+H77=0,0,2*G77*H77/(G77+H77)) -> 1 | J77: 0.4 | K77: 0.667 | L77: 130 | M77: =IF(J77+K77=0,0,ROUND(2*J77*K77/(J77+K77),3)) -> 0.5
A78: Where should I sit to watch tv? | B78: Laziness,Play,Cognizance | C78: chair,sofa | D78: [none] | E78: sofa,chair | F78: kitchen,living room,bedroom | G78: 0 | H78: 0 | I78: =IF(G78+H78=0,0,2*G78*H78/(G78+H78)) -> 0 | J78: 1 | K78: 1 | L78: 103 | M78: =IF(J78+K78=0,0,ROUND(2*J78*K78/(J78+K78),3)) -> 1
A79: Where should I take a nap? | B79: Laziness,Sleep | C79: bed,chair,sofa,rug | D79: Sleep,Laziness,Play | E79: bed,rug,private room,sofa,floor | F79: kitchen,bathroom,living room,bedroom | G79: 0.667 | H79: 1 | I79: =IF(G79+H79=0,0,2*G79*H79/(G79+H79)) -> 0.80023995 | J79: 0.6 | K79: 0.75 | L79: 190 | M79: =IF(J79+K79=0,0,ROUND(2*J79*K79/(J79+K79),3)) -> 0.667
A80: Where should I sleep if I need to charge my phone? | B80: Sleep,Retention | C80: bed,power socket,sofa,chair | D80: [none] | E80: To narrow down the list, please provide the possible objects available for charging your phone while you sleep. | G80: 0 | H80: 0 | I80: =IF(G80+H80=0,0,2*G80*H80/(G80+H80)) -> 0 | J80: 0 | K80: 0 | L80: 123 | M80: =IF(J80+K80=0,0,ROUND(2*J80*K80/(J80+K80),3)) -> 0
A81: Where should I sit if I don't want to move anything? | B81: Order,Laziness | C81: chair,sofa | D81: [none] | E81: chair,stool,couch,bench,bed,sofa | F81: kitchen,living room,bedroom | G81: 0 | H81: 0 | I81: =IF(G81+H81=0,0,2*G81*H81/(G81+H81)) -> 0 | J81: 0.333 | K81: 1 | L81: 116 | M81: =IF(J81+K81=0,0,ROUND(2*J81*K81/(J81+K81),3)) -> 0.5
A82: Where should I sit if I want to work? | B82: Cognizance,Acquisition | C82: chair,desk,computer,table | D82: Cognizance,Achievement,Acquisition | E82: chair,desk,table | F82: kitchen,living room,bedroom | G82: 0.667 | H82: 1 | I82: =IF(G82+H82=0,0,2*G82*H82/(G82+H82)) -> 0.80023995 | J82: 1 | K82: 0.75 | L82: 132 | M82: =IF(J82+K82=0,0,ROUND(2*J82*K82/(J82+K82),3)) -> 0.857
A83: Where should I keep the pizza for the meeting? | B83: Hunger,Conservance,Order | C83: refrigerator,kitchen counter,kitchen table | D83: [none] | E83: table,counter,kitchen island | F83: kitchen | G83: 0 | H83: 0 | I83: =IF(G83+H83=0,0,2*G83*H83/(G83+H83)) -> 0 | J83: 0 | K83: 0 | L83: 107 | M83: =IF(J83+K83=0,0,ROUND(2*J83*K83/(J83+K83),3)) -> 0
A84: I need to fix something and may require a screwdriver,where should I look? | B84: Conservance,Acquisition | C84: wall shelf,cabinet,closet,box | D84: [none] | E84: toolbox,drawer,garage,workshop,utility room | G84: 0 | H84: 0 | I84: =IF(G84+H84=0,0,2*G84*H84/(G84+H84)) -> 0 | J84: 0 | K84: 0 | L84: 119 | M84: =IF(J84+K84=0,0,ROUND(2*J84*K84/(J84+K84),3)) -> 0
A85: I have a couple of mails that I would like to deliver through USPS,so where should I put them? | B85: Conservance,Order | C85: box | D85: [none] | E85: mailbox,post office | G85: 0 | H85: 0 | I85: =IF(G85+H85=0,0,2*G85*H85/(G85+H85)) -> 0 | J85: 0 | K85: 0 | L85: 118 | M85: =IF(J85+K85=0,0,ROUND(2*J85*K85/(J85+K85),3)) -> 0
A86: I need to get rid of the stack of papers on my desk. Where should I put it? | B86: Order,Conservance | C86: wall shelf,garbage,cabinet,bookshelf,box | D86: [none] | E86: recycling bin,shredder,filing cabinet | G86: 0 | H86: 0 | I86: =IF(G86+H86=0,0,2*G86*H86/(G86+H86)) -> 0 | J86: 0 | K86: 0 | L86: 122 | M86: =IF(J86+K86=0,0,ROUND(2*J86*K86/(J86+K86),3)) -> 0
A87: Where should I put the wire to charge my computer if I'm sitting at the desk with the backpack on it? | B87: Conservance,Order | C87: desk,computer,power socket,table | D87: Acquisition,Exposition,Achievement,Cognizance,Laziness | E87: desk,computer,floor,chair | F87: bedroom,bathroom,kitchen,living room | G87: 0 | H87: 0 | I87: =IF(G87+H87=0,0,2*G87*H87/(G87+H87)) -> 0 | J87: 0.5 | K87: 0.5 | L87: 168 | M87: =IF(J87+K87=0,0,ROUND(2*J87*K87/(J87+K87),3)) -> 0.5
A88: Where did I put my pink shirt? | B88: Acquisition,Conservance,Order | C88: closet,hanger,pile of clothes | D88: [none] | E88: I'm sorry, but without more specific information or context about where you typically store your shirts, I can't determine where your pink shirt might be. Can you provide more details or possible locations where it might be found? | G88: 0 | H88: 0 | I88: =IF(G88+H88=0,0,2*G88*H88/(G88+H88)) -> 0 | J88: 0 | K88: 0 | L88: 141 | M88: =IF(J88+K88=0,0,ROUND(2*J88*K88/(J88+K88),3)) -> 0
A89: How can I cool myself off? | B89: Temperature | C89: ventilation fan,electric fan | D89: Temperature | E89: electric fan,refrigerator,bathtub,ventilation fan,water glass | F89: kitchen,bathroom,living room | G89: 1 | H89: 1 | I89: =IF(G89+H89=0,0,2*G89*H89/(G89+H89)) -> 1 | J89: 0.4 | K89: 1 | L89: 138 | M89: =IF(J89+K89=0,0,ROUND(2*J89*K89/(J89+K89),3)) -> 0.571
A90: After washing my hands in the sink,what should I use to dry my hands? | B90: Conservance,Order | C90: towel,tissue,towel rack | D90: Conservance,Thirst,Toxicity avoidance,Emission,Nursing | E90: towel,tissue | F90: bathroom,living room | G90: 0.2 | H90: 0.5 | I90: =IF(G90+H90=0,0,2*G90*H90/(G90+H90)) -> 0.28571429 | J90: 1 | K90: 0.667 | L90: 209 | M90: =IF(J90+K90=0,0,ROUND(2*J90*K90/(J90+K90),3)) -> 0.8
A91: Where do I reach for laundry detergent? | B91: Conservance,Acquisition | C91: dishwashing liquid,washing machine,cleaning sponge,bathroom cabinet,cabinet | D91: Conservance,Nursing,Toxicity avoidance | E91: washing machine | F91: bathroom | G91: 0.333 | H91: 0.5 | I91: =IF(G91+H91=0,0,2*G91*H91/(G91+H91)) -> 0.3997599 | J91: 1 | K91: 0.2 | L91: 182 | M91: =IF(J91+K91=0,0,ROUND(2*J91*K91/(J91+K91),3)) -> 0.333
A92: Where could i wash my hands | B92: Toxicity avoidance | C92: sink,soap,faucet | D92: [none] | E92: sink,bathroom,restroom,kitchen,hand sanitizer,public toilet,water fountain | F92: bathroom,kitchen | G92: 0 | H92: 0 | I92: =IF(G92+H92=0,0,2*G92*H92/(G92+H92)) -> 0 | J92: 0.143 | K92: 0.333 | L92: 115 | M92: =IF(J92+K92=0,0,ROUND(2*J92*K92/(J92+K92),3)) -> 0.2
A93: What should I do to cool down? | B93: Temperature | C93: ventilation fan,electric fan | D93: Temperature | E93: electric fan,refrigerator,bathtub,ventilation fan,water glass | F93: kitchen,bathroom,living room | G93: 1 | H93: 1 | I93: =IF(G93+H93=0,0,2*G93*H93/(G93+H93)) -> 1 | J93: 0.4 | K93: 1 | L93: 139 | M93: =IF(J93+K93=0,0,ROUND(2*J93*K93/(J93+K93),3)) -> 0.571
A94: Where do I throw away food packages? | B94: Order | C94: garbage | D94: Hunger | E94: cupcake,slices of bread,cereal,syrup,condiment bottle,pie,banana,chocolate,pudding,cutlet | F94: living room,kitchen | G94: 0 | H94: 0 | I94: =IF(G94+H94=0,0,2*G94*H94/(G94+H94)) -> 0 | J94: 0 | K94: 0 | L94: 188 | M94: =IF(J94+K94=0,0,ROUND(2*J94*K94/(J94+K94),3)) -> 0

Sheet test_rag_border01
A1: 発話事例 | B1: 欲求の種類 | C1: 正解の物 | D1: rag出力 | E1: 物の出力 | F1: 部屋 | G1: 適合率(欲求) | H1: 再現率(欲求) | I1: F値(欲求) | J1: 適合率(物) | K1: 再現率(物) | L1: トークン数 | M1: F値（物） | N1: 適合率 | O1: 再現率 | P1: F値平均
A2: Is there something to wipe my nose? If so where is it? | B2: Emission,Order | C2: tissue,table,toilet paper | D2: Emission,Breathing,Conservance,Sensory,Toxicity avoidance,Nursing,Exhibition,Thirst,Nurturance,Order,Exposition,Injury avoidance,Sleep,Temperature,Retention,Construction,Achievement,Sexual,Laziness,Cognizance | E2: tissue | F2: living room | G2: 0.1 | H2: 1 | I2: =IF(G2+H2=0,0,2*G2*H2/(G2+H2)) -> 0.18181818 | J2: 1 | K2: 0.333 | L2: 338 | M2: =IF(J2+K2=0,0,ROUND(2*J2*K2/(J2+K2),3)) -> 0.5 | N2: =ROUND(AVERAGE(J2:J94),3) -> 0.549 | O2: =ROUND(AVERAGE(K2:K94),3) -> 0.593 | P2: =SUM(M2:M94)/93 -> 0.527
A3: Where can I take a nap? | B3: Laziness,Sleep | C3: bed,chair,sofa,private room,floor | D3: Sleep,Laziness,Play,Nursing,Thirst,Nurturance,Sensory,Hunger,Injury avoidance,Temperature,Achievement,Breathing,Conservance,Emission,Exhibition,Cognizance,Sexual,Order,Exposition,Retention | E3: bed,sofa,private room | F3: living room,bedroom,bathroom,kitchen | G3: 0.1 | H3: 1 | I3: =IF(G3+H3=0,0,2*G3*H3/(G3+H3)) -> 0.18181818 | J3: 1 | K3: 0.6 | L3: 395 | M3: =IF(J3+K3=0,0,ROUND(2*J3*K3/(J3+K3),3)) -> 0.75
A4: Where can I wash my hands? | B4: Toxicity avoidance | C4: sink,faucet,toilet | D4: Conservance,Emission,Toxicity avoidance,Nursing,Nurturance,Sensory,Exhibition,Thirst,Temperature,Exposition,Breathing,Retention,Injury avoidance,Order,Play,Sexual,Construction,Sleep,Hunger,Cognizance | E4: bathroom counter,towel,sink,soap | F4: bathroom,kitchen | G4: 0.05 | H4: 1 | I4: =IF(G4+H4=0,0,2*G4*H4/(G4+H4)) -> 0.095238095 | J4: 0.25 | K4: 0.333 | L4: 394 | M4: =IF(J4+K4=0,0,ROUND(2*J4*K4/(J4+K4),3)) -> 0.286
A5: Where should I store fruits that I want to last long? | B5: Conservance,Order | C5: refrigerator,kitchen cabinet | D5: Hunger,Retention,Conservance,Order,Construction,Thirst,Nursing,Exhibition,Nurturance,Acquisition,Sleep,Sensory,Injury avoidance,Play,Sexual,Temperature,Laziness,Toxicity avoidance,Achievement,Exposition | E5: refrigerator,kitchen cabinet,bowl of dishes | F5: kitchen | G5: 0.1 | H5: 1 | I5: =IF(G5+H5=0,0,2*G5*H5/(G5+H5)) -> 0.18181818 | J5: 0.667 | K5: 1 | L5: 401 | M5: =IF(J5+K5=0,0,ROUND(2*J5*K5/(J5+K5),3)) -> 0.8 | N5: =ROUND(AVERAGE(G2:G94),3) -> 0.095 | O5: =ROUND(AVERAGE(H2:H94),3) -> 0.977 | P5: =ROUND(AVERAGE(I2:I94),3) -> 0.171
A6: Where can I take notes? | B6: Cognizance,Exposition | C6: desk,table,computer,mobile phone | D6: Cognizance,Exposition,Sensory,Acquisition,Achievement,Order,Construction,Exhibition,Retention,Conservance,Play,Injury avoidance,Breathing,Nurturance,Sleep,Toxicity avoidance,Laziness,Emission,Nursing,Thirst | E6: folder,computer,desk,notebook,bookshelf | F6: living room,kitchen | G6: 0.1 | H6: 1 | I6: =IF(G6+H6=0,0,2*G6*H6/(G6+H6)) -> 0.18181818 | J6: 0.4 | K6: 0.5 | L6: 340 | M6: =IF(J6+K6=0,0,ROUND(2*J6*K6/(J6+K6),3)) -> 0.444 | O6: 平均トークン
A7: Where can I brush my teeth? | B7: Conservance,Toxicity avoidance | C7: toothbrush,toothpaste,faucet,sink,toilet | D7: Toxicity avoidance,Conservance,Nursing,Nurturance,Emission,Sleep,Retention,Exhibition,Breathing,Sensory,Injury avoidance,Thirst,Exposition,Order,Hunger,Sexual,Achievement,Construction,Play,Acquisition | E7: bathroom counter,sink,toilet,toothpaste,toothbrush | F7: bathroom,kitchen | G7: 0.1 | H7: 1 | I7: =IF(G7+H7=0,0,2*G7*H7/(G7+H7)) -> 0.18181818 | J7: 0.8 | K7: 0.8 | L7: 398 | M7: =IF(J7+K7=0,0,ROUND(2*J7*K7/(J7+K7),3)) -> 0.8 | O7: =AVERAGE(L2:L94) -> 384.10753
A8: Where can I set if I want to warmup? | B8: Temperature | C8: stove,bed | D8: Temperature,Play,Laziness,Injury avoidance,Thirst,Sleep,Achievement,Hunger,Conservance,Exhibition,Nursing,Order,Sensory,Emission,Exposition,Breathing,Acquisition,Nurturance,Cognizance,Toxicity avoidance | E8: oven tray,stove | F8: kitchen | G8: 0.05 | H8: 1 | I8: =IF(G8+H8=0,0,2*G8*H8/(G8+H8)) -> 0.095238095 | J8: 0.5 | K8: 0.5 | L8: 392 | M8: =IF(J8+K8=0,0,ROUND(2*J8*K8/(J8+K8),3)) -> 0.5 | O8: 標準偏差
A9: Where can I check my appearance? | B9: Order,Exhibition,Exposition | C9: mirror | D9: Exhibition,Construction,Order,Sexual,Sensory,Exposition,Cognizance,Breathing,Conservance,Injury avoidance,Achievement,Emission,Temperature,Sleep,Hunger,Acquisition,Thirst,Retention,Nurturance,Nursing | E9: bathroom counter,hanger,mirror,face cream,soap | F9: living room,bedroom,bathroom,kitchen | G9: 0.15 | H9: 1 | I9: =IF(G9+H9=0,0,2*G9*H9/(G9+H9)) -> 0.26086957 | J9: 0.2 | K9: 1 | L9: 392 | M9: =IF(J9+K9=0,0,ROUND(2*J9*K9/(J9+K9),3)) -> 0.333 | O9: =_xlfn.STDEV.P(L2:L94) -> 24.129785
A10: Where should I put my jackets? | B10: Order,Conservance | C10: closet,hanger | D10: Exhibition,Temperature,Order,Retention,Sexual,Exposition,Injury avoidance,Nursing,Sleep,Hunger,Conservance,Construction,Acquisition,Emission,Thirst,Sensory,Laziness,Play,Nurturance,Achievement | E10: hanger,closet | F10: living room,bedroom,bathroom | G10: 0.1 | H10: 1 | I10: =IF(G10+H10=0,0,2*G10*H10/(G10+H10)) -> 0.18181818 | J10: 1 | K10: 1 | L10: 392 | M10: =IF(J10+K10=0,0,ROUND(2*J10*K10/(J10+K10),3)) -> 1
A11: Where can my kids go to read? | B11: Play,Cognizance | C11: book,chair,table,bed,sofa,desk | D11: Cognizance,Play,Nursing,Exposition,Laziness,Order,Acquisition,Achievement,Nurturance,Conservance,Toxicity avoidance,Sleep | E11: bookshelf,books,desk | F11: living room,bedroom,kitchen | G11: 0.167 | H11: 1 | I11: =IF(G11+H11=0,0,2*G11*H11/(G11+H11)) -> 0.28620394 | J11: 0.333 | K11: 0.167 | L11: 300 | M11: =IF(J11+K11=0,0,ROUND(2*J11*K11/(J11+K11),3)) -> 0.222
A12: Where can I put my jacket? | B12: Order,Conservance | C12: closet,hanger | D12: Exhibition,Temperature,Order,Retention,Sexual,Exposition,Injury avoidance,Nursing,Sleep,Hunger,Conservance,Construction,Acquisition,Emission,Thirst,Sensory,Laziness,Play,Nurturance,Achievement | E12: hanger,closet,sofa,towel rack | F12: living room,bedroom,bathroom,kitchen | G12: 0.1 | H12: 1 | I12: =IF(G12+H12=0,0,2*G12*H12/(G12+H12)) -> 0.18181818 | J12: 0.5 | K12: 1 | L12: 398 | M12: =IF(J12+K12=0,0,ROUND(2*J12*K12/(J12+K12),3)) -> 0.667
A13: Where can I wipe my shoes? | B13: Conservance,Order | C13: cleaning sponge,rug | D13: Emission,Injury avoidance,Conservance,Exhibition,Order,Toxicity avoidance,Nurturance,Retention,Sensory,Achievement,Sexual,Exposition,Construction,Thirst,Nursing,Acquisition,Sleep,Laziness,Breathing,Play | E13: rug,door | F13: living room,bedroom,bathroom,kitchen | G13: 0.1 | H13: 1 | I13: =IF(G13+H13=0,0,2*G13*H13/(G13+H13)) -> 0.18181818 | J13: 0.5 | K13: 0.5 | L13: 335 | M13: =IF(J13+K13=0,0,ROUND(2*J13*K13/(J13+K13),3)) -> 0.5
A14: Where can I put my hat? | B14: Order | C14: closet,closet drawers,hanger,desk,table | D14: Exhibition,Construction,Exposition,Temperature,Sleep,Order,Hunger,Laziness,Play,Achievement,Thirst,Nursing,Sexual,Retention,Acquisition,Injury avoidance,Emission,Conservance,Sensory,Nurturance | E14: hanger,sofa,kitchen table,nightstand,chair,closet,desk | F14: living room,bedroom,bathroom,kitchen | G14: 0.05 | H14: 1 | I14: =IF(G14+H14=0,0,2*G14*H14/(G14+H14)) -> 0.095238095 | J14: 0.429 | K14: 0.6 | L14: 405 | M14: =IF(J14+K14=0,0,ROUND(2*J14*K14/(J14+K14),3)) -> 0.5
A15: I want to take a nap. | B15: Sleep,Laziness | C15: bed,chair,sofa,private room,floor | D15: Sleep,Laziness,Play,Nursing,Thirst,Nurturance,Sensory,Hunger,Injury avoidance,Temperature,Achievement,Breathing,Conservance,Emission,Exhibition,Cognizance,Sexual,Order,Exposition,Retention | E15: bed,sofa,pillow,private room | F15: living room,bedroom,bathroom,kitchen | G15: 0.1 | H15: 1 | I15: =IF(G15+H15=0,0,2*G15*H15/(G15+H15)) -> 0.18181818 | J15: 0.75 | K15: 0.6 | L15: 397 | M15: =IF(J15+K15=0,0,ROUND(2*J15*K15/(J15+K15),3)) -> 0.667
A16: Where can I sit and eat if I don't want to use the dining table? | B16: Hunger | C16: desk,chair,sofa,private room, kitchen counter, kitchen table | D16: Exposition,Play,Hunger,Cognizance,Achievement,Order,Acquisition,Nursing,Laziness,Sleep,Toxicity avoidance,Conservance,Thirst,Construction,Exhibition,Retention,Sexual,Nurturance,Emission,Temperature | E16: sofa,bed,private room,chair,nightstand | F16: living room,bedroom,bathroom,kitchen | G16: 0.05 | H16: 1 | I16: =IF(G16+H16=0,0,2*G16*H16/(G16+H16)) -> 0.095238095 | J16: 0.6 | K16: 0.5 | L16: 403 | M16: =IF(J16+K16=0,0,ROUND(2*J16*K16/(J16+K16),3)) -> 0.545
A17: Where can I put my apples? | B17: Conservance,Order | C17: wall shelf,kitchen cabinet,kitchen counter,table,desk,kitchen table,dish | D17: Exposition,Hunger,Construction,Acquisition,Order,Sexual,Retention,Exhibition,Play,Laziness,Sleep,Achievement,Sensory,Thirst,Nursing,Conservance,Cognizance,Temperature,Emission,Injury avoidance | E17: bowl of dishes,refrigerator,kitchen table,kitchen cabinet,desk | F17: living room,kitchen | G17: 0.1 | H17: 1 | I17: =IF(G17+H17=0,0,2*G17*H17/(G17+H17)) -> 0.18181818 | J17: 0.6 | K17: 0.429 | L17: 398 | M17: =IF(J17+K17=0,0,ROUND(2*J17*K17/(J17+K17),3)) -> 0.5
A18: Where can I dry my shoes when I come into the house? | B18: Conservance,Order | C18: rug,floor | D18: Conservance,Injury avoidance,Thirst,Temperature,Retention,Nursing,Order,Play,Exhibition,Sleep,Laziness,Sexual,Acquisition,Sensory,Nurturance,Exposition,Toxicity avoidance,Construction,Emission,Hunger | E18: hanger,towel rack,ventilation fan | F18: living room,bedroom,bathroom,kitchen | G18: 0.1 | H18: 1 | I18: =IF(G18+H18=0,0,2*G18*H18/(G18+H18)) -> 0.18181818 | J18: 0 | K18: 0 | L18: 402 | M18: =IF(J18+K18=0,0,ROUND(2*J18*K18/(J18+K18),3)) -> 0
A19: Where can I lay down and read a book? | B19: Laziness,Sleep,Cognizance | C19: bed,sofa,floor,private room | D19: Play,Achievement,Cognizance,Laziness,Acquisition,Exposition,Sleep,Sensory,Nursing,Order,Hunger,Breathing,Construction,Thirst,Temperature,Exhibition,Conservance,Injury avoidance,Retention,Nurturance | E19: bed,sofa | F19: living room,bedroom,kitchen | G19: 0.15 | H19: 1 | I19: =IF(G19+H19=0,0,2*G19*H19/(G19+H19)) -> 0.26086957 | J19: 1 | K19: 0.5 | L19: 393 | M19: =IF(J19+K19=0,0,ROUND(2*J19*K19/(J19+K19),3)) -> 0.667
A20: Where can I warm up? | B20: Temperature,Sensory desire | C20: stove,bed | D20: Temperature,Play,Thirst,Injury avoidance,Conservance,Laziness,Hunger,Nursing,Sleep,Breathing,Exhibition,Emission,Sensory,Order,Nurturance,Toxicity avoidance,Exposition,Retention,Acquisition,Cognizance | E20: oven,stove,bathtub,electric fan,ventilation fan,sofa | F20: living room,bedroom,bathroom,kitchen | G20: 0.05 | H20: 0.5 | I20: =IF(G20+H20=0,0,2*G20*H20/(G20+H20)) -> 0.090909091 | J20: 0.167 | K20: 0.5 | L20: 402 | M20: =IF(J20+K20=0,0,ROUND(2*J20*K20/(J20+K20),3)) -> 0.25
A21: Where can I get drinking water? | B21: Thirst | C21: sink,water glass,faucet,mug,refrigerator | D21: Thirst,Toxicity avoidance,Conservance,Nursing,Temperature,Breathing,Hunger,Emission,Play,Nurturance,Injury avoidance,Sensory,Achievement,Order,Acquisition,Cognizance,Exposition,Sleep,Exhibition,Retention | E21: refrigerator,water glass,faucet,sink | F21: living room,bathroom,kitchen | G21: 0.05 | H21: 1 | I21: =IF(G21+H21=0,0,2*G21*H21/(G21+H21)) -> 0.095238095 | J21: 1 | K21: 0.8 | L21: 394 | M21: =IF(J21+K21=0,0,ROUND(2*J21*K21/(J21+K21),3)) -> 0.889
... A84: I need to fix something and may require a screwdriver,where should I look? | B84: Conservance,Acquisition | C84: wall shelf,cabinet,closet,box | D84: Construction,Conservance,Order,Retention,Sleep,Acquisition,Play,Temperature,Nursing,Cognizance,Thirst,Hunger,Injury avoidance,Sexual,Toxicity avoidance,Exposition,Laziness,Achievement,Exhibition,Sensory | E84: kitchen cabinet,desk,closet,bookshelf,garage | F84: living room,bedroom,bathroom,kitchen | G84: 0.1 | H84: 1 | I84: =IF(G84+H84=0,0,2*G84*H84/(G84+H84)) -> 0.18181818 | J84: 0.2 | K84: 0.25 | L84: 403 | M84: =IF(J84+K84=0,0,ROUND(2*J84*K84/(J84+K84),3)) -> 0.222
A85: I have a couple of mails that I would like to deliver through USPS,so where should I put them? | B85: Conservance,Order | C85: box | D85: Order,Acquisition,Nursing,Emission,Conservance,Retention,Exposition,Nurturance,Sexual,Hunger,Thirst,Play,Injury avoidance,Sleep,Sensory,Achievement,Exhibition,Toxicity avoidance,Laziness,Construction | E85: mailbox | G85: 0.1 | H85: 1 | I85: =IF(G85+H85=0,0,2*G85*H85/(G85+H85)) -> 0.18181818 | J85: 0 | K85: 0 | L85: 405 | M85: =IF(J85+K85=0,0,ROUND(2*J85*K85/(J85+K85),3)) -> 0
A86: I need to get rid of the stack of papers on my desk. Where should I put it? | B86: Order,Conservance | C86: wall shelf,garbage,cabinet,bookshelf,box | D86: Emission,Order,Toxicity avoidance,Retention,Injury avoidance,Conservance,Laziness,Exposition,Play,Exhibition,Breathing,Nursing,Achievement,Sensory,Thirst,Sleep,Acquisition,Cognizance,Temperature,Nurturance | E86: folder,books,garbage | F86: living room,bedroom,kitchen | G86: 0.1 | H86: 1 | I86: =IF(G86+H86=0,0,2*G86*H86/(G86+H86)) -> 0.18181818 | J86: 0.333 | K86: 0.2 | L86: 352 | M86: =IF(J86+K86=0,0,ROUND(2*J86*K86/(J86+K86),3)) -> 0.25
A87: Where should I put the wire to charge my computer if I'm sitting at the desk with the backpack on it? | B87: Conservance,Order | C87: desk,computer,power socket,table | D87: Acquisition,Exposition,Achievement,Cognizance,Laziness,Play,Order,Construction,Sleep,Conservance,Thirst,Temperature,Nursing,Retention,Sexual,Hunger,Toxicity avoidance,Nurturance,Exhibition,Emission | E87: desk,power socket,computer | F87: living room,bedroom,bathroom,kitchen | G87: 0.1 | H87: 1 | I87: =IF(G87+H87=0,0,2*G87*H87/(G87+H87)) -> 0.18181818 | J87: 1 | K87: 0.75 | L87: 403 | M87: =IF(J87+K87=0,0,ROUND(2*J87*K87/(J87+K87),3)) -> 0.857
A88: Where did I put my pink shirt? | B88: Acquisition,Conservance,Order | C88: closet,hanger,pile of clothes | D88: Exhibition,Sexual,Order,Exposition,Nursing,Construction,Temperature,Retention,Emission,Sensory,Sleep,Thirst,Acquisition,Injury avoidance,Conservance,Laziness,Hunger,Play,Nurturance,Breathing | E88: closet,drawer | F88: living room,bedroom,bathroom | G88: 0.15 | H88: 1 | I88: =IF(G88+H88=0,0,2*G88*H88/(G88+H88)) -> 0.26086957 | J88: 0.5 | K88: 0.333 | L88: 393 | M88: =IF(J88+K88=0,0,ROUND(2*J88*K88/(J88+K88),3)) -> 0.4
A89: How can I cool myself off? | B89: Temperature | C89: ventilation fan,electric fan | D89: Temperature,Thirst,Breathing,Laziness,Sensory,Play,Injury avoidance,Sleep,Exhibition,Toxicity avoidance,Hunger,Exposition,Cognizance,Achievement,Conservance,Emission,Sexual,Order,Nursing,Construction | E89: refrigerator,ventilation fan,electric fan,towel,bathtub,water glass | F89: living room,bathroom,kitchen | G89: 0.05 | H89: 1 | I89: =IF(G89+H89=0,0,2*G89*H89/(G89+H89)) -> 0.095238095 | J89: 0.333 | K89: 1 | L89: 401 | M89: =IF(J89+K89=0,0,ROUND(2*J89*K89/(J89+K89),3)) -> 0.5
A90: After washing my hands in the sink,what should I use to dry my hands? | B90: Conservance,Order | C90: towel,tissue,towel rack | D90: Conservance,Thirst,Toxicity avoidance,Emission,Nursing,Nurturance,Order,Sensory,Exhibition,Retention,Exposition,Play,Temperature,Construction,Achievement,Sleep,Acquisition,Injury avoidance,Hunger,Cognizance | E90: towel | F90: bathroom | G90: 0.1 | H90: 1 | I90: =IF(G90+H90=0,0,2*G90*H90/(G90+H90)) -> 0.18181818 | J90: 1 | K90: 0.333 | L90: 398 | M90: =IF(J90+K90=0,0,ROUND(2*J90*K90/(J90+K90),3)) -> 0.5
A91: Where do I reach for laundry detergent? | B91: Conservance,Acquisition | C91: dishwashing liquid,washing machine,cleaning sponge,bathroom cabinet,cabinet | D91: Conservance,Nursing,Toxicity avoidance,Exhibition,Retention,Sensory,Injury avoidance,Order,Nurturance,Emission,Sexual,Breathing,Laziness,Sleep,Play,Thirst,Temperature,Exposition,Hunger,Achievement | E91: kitchen cabinet,washing machine | F91: bathroom,kitchen | G91: 0.05 | H91: 0.5 | I91: =IF(G91+H91=0,0,2*G91*H91/(G91+H91)) -> 0.090909091 | J91: 0.5 | K91: 0.2 | L91: 395 | M91: =IF(J91+K91=0,0,ROUND(2*J91*K91/(J91+K91),3)) -> 0.286
A92: Where could i wash my hands | B92: Toxicity avoidance | C92: sink,soap,faucet | D92: Conservance,Emission,Toxicity avoidance,Nursing,Nurturance,Sensory,Exhibition,Thirst,Temperature,Exposition,Breathing,Retention,Injury avoidance,Order,Play,Sexual,Construction,Sleep,Hunger,Cognizance | E92: bathroom counter,sink,toilet,soap,towel,faucet | F92: bathroom,kitchen | G92: 0.05 | H92: 1 | I92: =IF(G92+H92=0,0,2*G92*H92/(G92+H92)) -> 0.095238095 | J92: 0.5 | K92: 1 | L92: 398 | M92: =IF(J92+K92=0,0,ROUND(2*J92*K92/(J92+K92),3)) -> 0.667
A93: What should I do to cool down? | B93: Temperature | C93: ventilation fan,electric fan | D93: Temperature,Thirst,Play,Laziness,Breathing,Sleep,Injury avoidance,Sensory,Hunger,Exhibition,Conservance,Cognizance,Achievement,Toxicity avoidance,Exposition,Emission,Order,Nursing,Sexual,Nurturance | E93: refrigerator,ventilation fan,electric fan,bathroom counter,bathtub,towel,sink | F93: living room,bathroom,kitchen | G93: 0.05 | H93: 1 | I93: =IF(G93+H93=0,0,2*G93*H93/(G93+H93)) -> 0.095238095 | J93: 0.286 | K93: 1 | L93: 407 | M93: =IF(J93+K93=0,0,ROUND(2*J93*K93/(J93+K93),3)) -> 0.445
A94: Where do I throw away food packages? | B94: Order | C94: garbage | D94: Hunger,Emission,Conservance,Injury avoidance,Order,Nursing,Nurturance,Exhibition,Sensory,Toxicity avoidance,Retention,Thirst,Sexual,Play,Temperature,Exposition,Sleep,Achievement,Construction,Acquisition | E94: garbage | F94: living room | G94: 0.05 | H94: 1 | I94: =IF(G94+H94=0,0,2*G94*H94/(G94+H94)) -> 0.095238095 | J94: 1 | K94: 1 | L94: 391 | M94: =IF(J94+K94=0,0,ROUND(2*J94*K94/(J94+K94),3)) -> 1

Sheet test_rag_border02
A1: 発話事例 | B1: 欲求の種類 | C1: 正解の物 | D1: rag出力 | E1: 物の出力 | F1: 部屋 | G1: 適合率(欲求) | H1: 再現率(欲求) | I1: F値(欲求) | J1: 適合率(物) | K1: 再現率(物) | L1: トークン数 | M1: F値（物） | N1: 適合率 | O1: 再現率 | P1: F値平均
A2: Is there something to wipe my nose? If so where is it? | B2: Emission,Order | C2: tissue,table,toilet paper | D2: Emission,Breathing,Conservance,Toxicity avoidance,Sensory,Nursing,Exhibition,Thirst,Nurturance,Order,Injury avoidance,Exposition,Sleep,Temperature,Retention | E2: tissue | F2: living room | G2: 0.133 | H2: 1 | I2: =IF(G2+H2=0,0,2*G2*H2/(G2+H2)) -> 0.23477493 | J2: 1 | K2: 0.333 | L2: 317 | M2: =IF(J2+K2=0,0,ROUND(2*J2*K2/(J2+K2),3)) -> 0.5 | N2: =ROUND(AVERAGE(J2:J94),3) -> 0.583 | O2: =ROUND(AVERAGE(K2:K94),3) -> 0.627 | P2: =SUM(M2:M94)/93 -> 0.55205376
A3: Where can I take a nap? | B3: Laziness,Sleep | C3: bed,chair,sofa,private room,floor | D3: Sleep,Laziness,Play,Nursing,Thirst,Nurturance,Sensory,Hunger,Injury avoidance,Temperature,Achievement,Breathing | E3: bed,sofa,private room | F3: kitchen,living room,bathroom,bedroom | G3: 0.167 | H3: 1 | I3: =IF(G3+H3=0,0,2*G3*H3/(G3+H3)) -> 0.28620394 | J3: 1 | K3: 0.6 | L3: 298 | M3: =IF(J3+K3=0,0,ROUND(2*J3*K3/(J3+K3),3)) -> 0.75
A4: Where can I wash my hands? | B4: Toxicity avoidance | C4: sink,faucet,toilet | D4: Conservance,Emission,Toxicity avoidance,Nursing,Nurturance,Sensory,Exhibition,Thirst | E4: soap,faucet,bathtub,sink,towel | F4: bathroom,kitchen | G4: 0.125 | H4: 1 | I4: =IF(G4+H4=0,0,2*G4*H4/(G4+H4)) -> 0.22222222 | J4: 0.4 | K4: 0.667 | L4: 239 | M4: =IF(J4+K4=0,0,ROUND(2*J4*K4/(J4+K4),3)) -> 0.5
A5: Where should I store fruits that I want to last long? | B5: Conservance,Order | C5: refrigerator,kitchen cabinet | D5: Hunger,Retention,Conservance,Construction,Order,Thirst | E5: refrigerator,kitchen table,fruit bowl | F5: kitchen | G5: 0.333 | H5: 1 | I5: =IF(G5+H5=0,0,2*G5*H5/(G5+H5)) -> 0.49962491 | J5: 0.333 | K5: 0.5 | L5: 317 | M5: =IF(J5+K5=0,0,ROUND(2*J5*K5/(J5+K5),3)) -> 0.4 | N5: =ROUND(AVERAGE(G2:G94),3) -> 0.205 | O5: =ROUND(AVERAGE(H2:H94),3) -> 0.839 | P5: =ROUND(AVERAGE(I2:I94),3) -> 0.29
A6: Where can I take notes? | B6: Cognizance,Exposition | C6: desk,table,computer,mobile phone | D6: Cognizance,Exposition,Sensory,Acquisition,Achievement,Order,Construction,Retention,Exhibition,Conservance,Play,Injury avoidance,Breathing | E6: book,notepad,tablet,computer,desk,folder | F6: kitchen,living room | G6: 0.154 | H6: 1 | I6: =IF(G6+H6=0,0,2*G6*H6/(G6+H6)) -> 0.26689775 | J6: 0.333 | K6: 0.5 | L6: 300 | M6: =IF(J6+K6=0,0,ROUND(2*J6*K6/(J6+K6),3)) -> 0.4 | O6: 平均トークン
A7: Where can I brush my teeth? | B7: Conservance,Toxicity avoidance | C7: toothbrush,toothpaste,faucet,sink,toilet | D7: Toxicity avoidance,Conservance,Nursing,Nurturance,Emission,Sleep,Retention,Exhibition,Breathing,Sensory,Injury avoidance,Thirst,Exposition,Order | E7: mirror,toothpaste,toothbrush,sink,bathroom counter | F7: bathroom,kitchen | G7: 0.143 | H7: 1 | I7: =IF(G7+H7=0,0,2*G7*H7/(G7+H7)) -> 0.25021872 | J7: 0.6 | K7: 0.6 | L7: 315 | M7: =IF(J7+K7=0,0,ROUND(2*J7*K7/(J7+K7),3)) -> 0.6 | O7: =AVERAGE(L2:L94) -> 281.03226
A8: Where can I set if I want to warmup? | B8: Temperature | C8: stove,bed | D8: Temperature,Play,Laziness,Injury avoidance,Thirst,Sleep | E8: electric fan,ventilation fan,private room | F8: kitchen,living room,bathroom | G8: 0.167 | H8: 1 | I8: =IF(G8+H8=0,0,2*G8*H8/(G8+H8)) -> 0.28620394 | J8: 0 | K8: 0 | L8: 227 | M8: =IF(J8+K8=0,0,ROUND(2*J8*K8/(J8+K8),3)) -> 0 | O8: 標準偏差
A9: Where can I check my appearance? | B9: Order,Exhibition,Exposition | C9: mirror | D9: Exhibition,Construction,Order,Sexual,Sensory,Exposition,Cognizance | E9: mirror | F9: bathroom | G9: 0.429 | H9: 1 | I9: =IF(G9+H9=0,0,2*G9*H9/(G9+H9)) -> 0.60041987 | J9: 1 | K9: 1 | L9: 228 | M9: =IF(J9+K9=0,0,ROUND(2*J9*K9/(J9+K9),3)) -> 1 | O9: =_xlfn.STDEV.P(L2:L94) -> 74.25855
A10: Where should I put my jackets? | B10: Order,Conservance | C10: closet,hanger | D10: Exhibition,Temperature,Order,Retention | E10: cabinet,closet,hanger | F10: bathroom,living room,bedroom | G10: 0.25 | H10: 0.5 | I10: =IF(G10+H10=0,0,2*G10*H10/(G10+H10)) -> 0.33333333 | J10: 0.667 | K10: 1 | L10: 231 | M10: =IF(J10+K10=0,0,ROUND(2*J10*K10/(J10+K10),3)) -> 0.8
A11: Where can my kids go to read? | B11: Play,Cognizance | C11: book,chair,table,bed,sofa,desk | D11: Cognizance | E11: book,desk | F11: living room | G11: 1 | H11: 0.5 | I11: =IF(G11+H11=0,0,2*G11*H11/(G11+H11)) -> 0.66666667 | J11: 1 | K11: 0.333 | L11: 119 | M11: =IF(J11+K11=0,0,ROUND(2*J11*K11/(J11+K11),3)) -> 0.5
A12: Where can I put my jacket? | B12: Order,Conservance | C12: closet,hanger | D12: Exhibition,Temperature,Order,Retention | E12: cabinet,closet,hanger,towel rack | F12: bathroom,living room,bedroom | G12: 0.25 | H12: 0.5 | I12: =IF(G12+H12=0,0,2*G12*H12/(G12+H12)) -> 0.33333333 | J12: 0.5 | K12: 1 | L12: 234 | M12: =IF(J12+K12=0,0,ROUND(2*J12*K12/(J12+K12),3)) -> 0.667
A13: Where can I wipe my shoes? | B13: Conservance,Order | C13: cleaning sponge,rug | D13: Emission,Injury avoidance,Conservance,Exhibition,Order,Toxicity avoidance,Nurturance | E13: floor,rug | F13: bathroom,living room,bedroom,kitchen | G13: 0.286 | H13: 1 | I13: =IF(G13+H13=0,0,2*G13*H13/(G13+H13)) -> 0.44479005 | J13: 0.5 | K13: 0.5 | L13: 253 | M13: =IF(J13+K13=0,0,ROUND(2*J13*K13/(J13+K13),3)) -> 0.5
A14: Where can I put my hat? | B14: Order | C14: closet,closet drawers,hanger,desk,table | D14: Exhibition,Construction,Exposition | E14: table,closet,pile of clothes | F14: kitchen,living room,bathroom,bedroom | G14: 0 | H14: 0 | I14: =IF(G14+H14=0,0,2*G14*H14/(G14+H14)) -> 0 | J14: 0.667 | K14: 0.4 | L14: 155 | M14: =IF(J14+K14=0,0,ROUND(2*J14*K14/(J14+K14),3)) -> 0.5
A15: I want to take a nap. | B15: Sleep,Laziness | C15: bed,chair,sofa,private room,floor | D15: Sleep,Laziness,Play,Nursing,Thirst,Nurturance,Sensory,Hunger,Injury avoidance,Temperature,Achievement,Breathing | E15: bed,sofa,pillow | F15: kitchen,living room,bedroom | G15: 0.167 | H15: 1 | I15: =IF(G15+H15=0,0,2*G15*H15/(G15+H15)) -> 0.28620394 | J15: 0.667 | K15: 0.4 | L15: 297 | M15: =IF(J15+K15=0,0,ROUND(2*J15*K15/(J15+K15),3)) -> 0.5
A16: Where can I sit and eat if I don't want to use the dining table? | B16: Hunger | C16: desk,chair,sofa,private room, kitchen counter, kitchen table | D16: Exposition,Play,Hunger,Cognizance,Achievement,Acquisition,Order,Nursing,Laziness,Sleep,Toxicity avoidance,Conservance,Thirst,Construction,Exhibition | E16: sofa,desk,chair | F16: kitchen,living room,bedroom | G16: 0.067 | H16: 1 | I16: =IF(G16+H16=0,0,2*G16*H16/(G16+H16)) -> 0.12558575 | J16: 1 | K16: 0.5 | L16: 388 | M16: =IF(J16+K16=0,0,ROUND(2*J16*K16/(J16+K16),3)) -> 0.667
A17: Where can I put my apples? | B17: Conservance,Order | C17: wall shelf,kitchen cabinet,kitchen counter,table,desk,kitchen table,dish | D17: Exposition,Hunger,Construction,Acquisition,Order,Sexual,Retention,Exhibition,Play,Laziness,Sleep | E17: refrigerator,kitchen counter,kitchen table,oven tray,table | F17: kitchen | G17: 0.091 | H17: 0.5 | I17: =IF(G17+H17=0,0,2*G17*H17/(G17+H17)) -> 0.15397631 | J17: 0.6 | K17: 0.429 | L17: 346 | M17: =IF(J17+K17=0,0,ROUND(2*J17*K17/(J17+K17),3)) -> 0.5
A18: Where can I dry my shoes when I come into the house? | B18: Conservance,Order | C18: rug,floor | D18: Conservance,Injury avoidance,Thirst,Temperature,Retention,Nursing,Order,Play,Exhibition,Sleep,Laziness,Sexual,Acquisition,Sensory,Nurturance,Exposition,Toxicity avoidance | E18: closet,hanger,towel rack,door | F18: bathroom,living room,bedroom,kitchen | G18: 0.118 | H18: 1 | I18: =IF(G18+H18=0,0,2*G18*H18/(G18+H18)) -> 0.21109123 | J18: 0 | K18: 0 | L18: 348 | M18: =IF(J18+K18=0,0,ROUND(2*J18*K18/(J18+K18),3)) -> 0
A19: Where can I lay down and read a book? | B19: Laziness,Sleep,Cognizance | C19: bed,sofa,floor,private room | D19: Play,Achievement,Cognizance,Laziness,Acquisition,Exposition | E19: bed,sofa,rug,pillow,bathtub | F19: kitchen,living room,bathroom,bedroom | G19: 0.333 | H19: 0.667 | I19: =IF(G19+H19=0,0,2*G19*H19/(G19+H19)) -> 0.444222 | J19: 0.4 | K19: 0.5 | L19: 175 | M19: =IF(J19+K19=0,0,ROUND(2*J19*K19/(J19+K19),3)) -> 0.444
A20: Where can I warm up? | B20: Temperature,Sensory desire | C20: stove,bed | D20: Temperature,Play,Thirst,Injury avoidance,Conservance,Laziness | E20: stove,coffee pot,bathtub,oven,heating pad,sofa | F20: kitchen,living room,bathroom,bedroom | G20: 0.167 | H20: 0.5 | I20: =IF(G20+H20=0,0,2*G20*H20/(G20+H20)) -> 0.25037481 | J20: 0.167 | K20: 0.5 | L20: 254 | M20: =IF(J20+K20=0,0,ROUND(2*J20*K20/(J20+K20),3)) -> 0.25
A21: Where can I get drinking water? | B21: Thirst | C21: sink,water glass,faucet,mug,refrigerator | D21: Thirst,Toxicity avoidance,Conservance,Nursing,Temperature,Breathing,Hunger,Emission,Play | E21: faucet,water glass | F21: bathroom,living room,kitchen | G21: 0.111 | H21: 1 | I21: =IF(G21+H21=0,0,2*G21*H21/(G21+H21)) -> 0.19981998 | J21: 1 | K21: 0.4 | L21: 293 | M21: =IF(J21+K21=0,0,ROUND(2*J21*K21/(J21+K21),3)) -> 0.571
... A41: I need to take a nap. | B41: Laziness,Sleep | C41: bed,chair,sofa,pillow | D41: Sleep,Laziness,Play,Nursing,Thirst,Nurturance,Sensory,Hunger,Injury avoidance,Temperature,Achievement,Breathing | E41: bed,sofa,pillow,chair,private room,slippers | F41: kitchen,living room,bathroom,bedroom | G41: 0.167 | H41: 1 | I41: =IF(G41+H41=0,0,2*G41*H41/(G41+H41)) -> 0.28620394 | J41: 0.667 | K41: 1 | L41: 305 | M41: =IF(J41+K41=0,0,ROUND(2*J41*K41/(J41+K41),3)) -> 0.8
A42: Where can I find the pink bowl? | B42: Hunger,Order,Acquisition | C42: bowl,kitchen cabinet, kitchen counter,kitchen table,dishwasher | D42: Hunger,Sensory,Play,Nursing,Exhibition | E42: bowl | G42: 0.2 | H42: 0.333 | I42: =IF(G42+H42=0,0,2*G42*H42/(G42+H42)) -> 0.24990619 | J42: 1 | K42: 0.2 | L42: 256 | M42: =IF(J42+K42=0,0,ROUND(2*J42*K42/(J42+K42),3)) -> 0.333
A43: Where can I store my luggage? | B43: Order,Retention | C43: closet,closet drawers,wall shelf,cabinet,box | D43: Retention,Conservance,Exhibition,Order,Play,Nursing,Sleep | E43: private room,closet,box | F43: bathroom,living room,bedroom,kitchen | G43: 0.286 | H43: 1 | I43: =IF(G43+H43=0,0,2*G43*H43/(G43+H43)) -> 0.44479005 | J43: 0.667 | K43: 0.4 | L43: 300 | M43: =IF(J43+K43=0,0,ROUND(2*J43*K43/(J43+K43),3)) -> 0.5
A44: Where can I find my toothbrush? | B44: Conservance,Order | C44: bathroom cabinet,toothbrush,toothpaste,sink | D44: Toxicity avoidance,Conservance,Retention,Nursing,Nurturance,Sleep,Exhibition,Order,Injury avoidance,Sensory,Thirst,Play,Emission,Sexual,Cognizance,Breathing,Acquisition,Construction | E44: toothbrush,bathroomcabinet,sink,cabinet,toothpaste | F44: bathroom,bedroom,kitchen | G44: 0.111 | H44: 1 | I44: =IF(G44+H44=0,0,2*G44*H44/(G44+H44)) -> 0.19981998 | J44: 0.6 | K44: 0.75 | L44: 345 | M44: =IF(J44+K44=0,0,ROUND(2*J44*K44/(J44+K44),3)) -> 0.667
A45: Where can I get water? | B45: Thirst,Acquisition | C45: sink,water glass,faucet,mug,refrigerator | D45: Thirst,Conservance,Temperature,Nurturance,Acquisition,Toxicity avoidance,Hunger,Nursing,Emission,Play,Breathing,Sensory,Achievement,Injury avoidance,Order,Cognizance,Retention | E45: refrigerator,faucet,water glass,mug,kitchen cabinet | F45: kitchen,living room,bathroom | G45: 0.118 | H45: 1 | I45: =IF(G45+H45=0,0,2*G45*H45/(G45+H45)) -> 0.21109123 | J45: 0.8 | K45: 0.8 | L45: 369 | M45: =IF(J45+K45=0,0,ROUND(2*J45*K45/(J45+K45),3)) -> 0.8
A46: Where can I store my undergarments? | B46: Order | C46: closet,closet drawers,hanger | D46: Retention,Conservance,Exhibition,Sexual,Nursing,Order,Injury avoidance,Emission,Nurturance,Sensory,Temperature,Toxicity avoidance,Sleep,Breathing | E46: cabinet,closet,nightstand,box,closet drawers | F46: bathroom,living room,bedroom,kitchen | G46: 0.071 | H46: 1 | I46: =IF(G46+H46=0,0,2*G46*H46/(G46+H46)) -> 0.13258637 | J46: 0.4 | K46: 0.667 | L46: 314 | M46: =IF(J46+K46=0,0,ROUND(2*J46*K46/(J46+K46),3)) -> 0.5
A47: Where can I charge my laptop? | B47: Conservance,Acquisition | C47: power socket,table,desk,computer | D47: Acquisition | E47: computer,desk | F47: living room | G47: 1 | H47: 0.5 | I47: =IF(G47+H47=0,0,2*G47*H47/(G47+H47)) -> 0.66666667 | J47: 1 | K47: 0.5 | L47: 117 | M47: =IF(J47+K47=0,0,ROUND(2*J47*K47/(J47+K47),3)) -> 0.667
A48: Where can you see the lamp? | B48: Order | C48: table lamp,ceiling lamp,wall lamp,nightstand | D48: Sleep,Exposition,Cognizance,Laziness,Exhibition,Construction,Sensory,Thirst,Sexual,Play,Temperature,Conservance,Acquisition,Achievement,Injury avoidance,Nursing,Order | E48: table lamp,ceiling lamp,wall lamp | F48: bathroom,living room,bedroom,kitchen | G48: 0.059 | H48: 1 | I48: =IF(G48+H48=0,0,2*G48*H48/(G48+H48)) -> 0.11142587 | J48: 1 | K48: 0.75 | L48: 337 | M48: =IF(J48+K48=0,0,ROUND(2*J48*K48/(J48+K48),3)) -> 0.857
A49: Where can I keep my shirt? | B49: Order,Retention | C49: hanger,closet,closet drawers,shirt | D49: Retention,Exhibition,Order,Sexual,Nursing,Conservance,Injury avoidance | E49: cabinet,closet,hanger | F49: bathroom,living room,bedroom | G49: 0.286 | H49: 1 | I49: =IF(G49+H49=0,0,2*G49*H49/(G49+H49)) -> 0.44479005 | J49: 0.667 | K49: 0.5 | L49: 274 | M49: =IF(J49+K49=0,0,ROUND(2*J49*K49/(J49+K49),3)) -> 0.572
A50: Where can the baby play? | B50: Play | C50: rug,private room,sofa,floor | D50: Nursing,Play,Nurturance,Laziness,Sensory,Sleep,Injury avoidance,Toxicity avoidance | E50: bed,sofa,rug,chair,table,private room | F50: kitchen,living room,bathroom,bedroom | G50: 0.125 | H50: 1 | I50: =IF(G50+H50=0,0,2*G50*H50/(G50+H50)) -> 0.22222222 | J50: 0.5 | K50: 0.75 | L50: 239 | M50: =IF(J50+K50=0,0,ROUND(2*J50*K50/(J50+K50),3)) -> 0.6
A51: Where can the adult take a nap? | B51: Laziness,Sleep | C51: bed,chair,sofa,pillow | D51: Sleep,Laziness,Play,Nursing,Thirst,Nurturance,Sensory,Hunger,Injury avoidance,Temperature,Achievement,Breathing | E51: bed,sofa,private room | F51: kitchen,living room,bathroom,bedroom | G51: 0.167 | H51: 1 | I51: =IF(G51+H51=0,0,2*G51*H51/(G51+H51)) -> 0.28620394 | J51: 0.667 | K51: 0.5 | L51: 299 | M51: =IF(J51+K51=0,0,ROUND(2*J51*K51/(J51+K51),3)) -> 0.572
A52: Where can you change baby's diaper? | B52: Emission,Nursing,Order | C52: bed,toilet,bathtub,floor | D52: Nursing,Emission,Nurturance,Conservance,Sensory,Injury avoidance,Toxicity avoidance,Order,Sexual,Exhibition,Sleep,Breathing | E52: toilet,bathroom counter | F52: bathroom | G52: 0.25 | H52: 1 | I52: =IF(G52+H52=0,0,2*G52*H52/(G52+H52)) -> 0.4 | J52: 0.5 | K52: 0.25 | L52: 284 | M52: =IF(J52+K52=0,0,ROUND(2*J52*K52/(J52+K52),3)) -> 0.333
A53: Where can I write math equations? | B53: Cognizance,Exposition | C53: desk,table,computer,call phone | D53: Exposition,Emission | E53: computer,desk | F53: living room | G53: 0.5 | H53: 0.5 | I53: =IF(G53+H53=0,0,2*G53*H53/(G53+H53)) -> 0.5 | J53: 1 | K53: 0.5 | L53: 118 | M53: =IF(J53+K53=0,0,ROUND(2*J53*K53/(J53+K53),3)) -> 0.667
A54: Where can I dry my hands? | B54: Emission,Order | C54: towel,sink,faucet | D54: Thirst,Conservance,Temperature,Nursing,Sensory,Nurturance,Emission,Exhibition,Retention,Exposition,Injury avoidance,Toxicity avoidance,Breathing | E54: towel | F54: bathroom | G54: 0.077 | H54: 0.5 | I54: =IF(G54+H54=0,0,2*G54*H54/(G54+H54)) -> 0.13344887 | J54: 1 | K54: 0.333 | L54: 253 | M54: =IF(J54+K54=0,0,ROUND(2*J54*K54/(J54+K54),3)) -> 0.5
... A84: I need to fix something and may require a screwdriver,where should I look? | B84: Conservance,Acquisition | C84: wall shelf,cabinet,closet,box | D84: Construction,Conservance,Order,Retention,Sleep,Acquisition,Play,Temperature,Nursing,Cognizance,Thirst,Hunger,Injury avoidance,Sexual | E84: ,desk,box,cabinet | F84: kitchen,living room,bedroom | G84: 0.143 | H84: 1 | I84: =IF(G84+H84=0,0,2*G84*H84/(G84+H84)) -> 0.25021872 | J84: 0.5 | K84: 0.5 | L84: 393 | M84: =IF(J84+K84=0,0,ROUND(2*J84*K84/(J84+K84),3)) -> 0.5
A85: I have a couple of mails that I would like to deliver through USPS,so where should I put them? | B85: Conservance,Order | C85: box | D85: [none] | E85: mailbox,post office | G85: 0 | H85: 0 | I85: =IF(G85+H85=0,0,2*G85*H85/(G85+H85)) -> 0 | J85: 0 | K85: 0 | L85: 118 | M85: =IF(J85+K85=0,0,ROUND(2*J85*K85/(J85+K85),3)) -> 0
A86: I need to get rid of the stack of papers on my desk. Where should I put it? | B86: Order,Conservance | C86: wall shelf,garbage,cabinet,bookshelf,box | D86: Emission,Order,Toxicity avoidance,Retention,Injury avoidance | E86: folder,box,bookshelf,garbage | F86: kitchen,living room | G86: 0.2 | H86: 0.5 | I86: =IF(G86+H86=0,0,2*G86*H86/(G86+H86)) -> 0.28571429 | J86: 0.75 | K86: 0.6 | L86: 229 | M86: =IF(J86+K86=0,0,ROUND(2*J86*K86/(J86+K86),3)) -> 0.667
A87: Where should I put the wire to charge my computer if I'm sitting at the desk with the backpack on it? | B87: Conservance,Order | C87: desk,computer,power socket,table | D87: Acquisition,Exposition,Achievement,Cognizance,Laziness,Play,Order,Construction,Sleep,Conservance,Thirst,Temperature,Retention,Nursing,Sexual | E87: power socket,desk,computer | F87: bathroom,living room,bedroom,kitchen | G87: 0.133 | H87: 1 | I87: =IF(G87+H87=0,0,2*G87*H87/(G87+H87)) -> 0.23477493 | J87: 1 | K87: 0.75 | L87: 339 | M87: =IF(J87+K87=0,0,ROUND(2*J87*K87/(J87+K87),3)) -> 0.857
A88: Where did I put my pink shirt? | B88: Acquisition,Conservance,Order | C88: closet,hanger,pile of clothes | D88: Exhibition,Sexual,Order,Exposition,Nursing | E88: closet,box,pile of clothes,sofa,drawer | F88: bathroom,living room,bedroom,kitchen | G88: 0.2 | H88: 0.333 | I88: =IF(G88+H88=0,0,2*G88*H88/(G88+H88)) -> 0.24990619 | J88: 0.4 | K88: 0.667 | L88: 237 | M88: =IF(J88+K88=0,0,ROUND(2*J88*K88/(J88+K88),3)) -> 0.5
A89: How can I cool myself off? | B89: Temperature | C89: ventilation fan,electric fan | D89: Temperature,Thirst,Breathing,Laziness,Sensory,Play,Injury avoidance | E89: faucet,bathtub,water glass,electric fan,ventilation fan | F89: bathroom,living room,kitchen | G89: 0.143 | H89: 1 | I89: =IF(G89+H89=0,0,2*G89*H89/(G89+H89)) -> 0.25021872 | J89: 0.4 | K89: 1 | L89: 213 | M89: =IF(J89+K89=0,0,ROUND(2*J89*K89/(J89+K89),3)) -> 0.571
A90: After washing my hands in the sink,what should I use to dry my hands? | B90: Conservance,Order | C90: towel,tissue,towel rack | D90: Conservance,Thirst,Toxicity avoidance,Emission,Nursing,Nurturance,Order,Sensory,Exhibition,Retention,Exposition,Play,Temperature,Construction,Achievement,Sleep,Acquisition,Injury avoidance,Hunger,Cognizance | E90: towel,toilet paper | F90: bathroom | G90: 0.1 | H90: 1 | I90: =IF(G90+H90=0,0,2*G90*H90/(G90+H90)) -> 0.18181818 | J90: 0.5 | K90: 0.333 | L90: 401 | M90: =IF(J90+K90=0,0,ROUND(2*J90*K90/(J90+K90),3)) -> 0.4
A91: Where do I reach for laundry detergent? | B91: Conservance,Acquisition | C91: dishwashing liquid,washing machine,cleaning sponge,bathroom cabinet,cabinet | D91: Conservance,Nursing,Toxicity avoidance,Exhibition,Retention,Sensory,Injury avoidance,Nurturance,Order,Emission,Sexual | E91: washing machine,kitchen cabinet,closet drawers | F91: bathroom,bedroom,kitchen | G91: 0.091 | H91: 0.5 | I91: =IF(G91+H91=0,0,2*G91*H91/(G91+H91)) -> 0.15397631 | J91: 0.333 | K91: 0.2 | L91: 284 | M91: =IF(J91+K91=0,0,ROUND(2*J91*K91/(J91+K91),3)) -> 0.25
A92: Where could i wash my hands | B92: Toxicity avoidance | C92: sink,soap,faucet | D92: Conservance,Emission,Toxicity avoidance,Nursing,Nurturance,Sensory,Exhibition,Thirst | E92: faucet,soap,sink,towel,bathtub,toilet | F92: bathroom,kitchen | G92: 0.125 | H92: 1 | I92: =IF(G92+H92=0,0,2*G92*H92/(G92+H92)) -> 0.22222222 | J92: 0.5 | K92: 1 | L92: 241 | M92: =IF(J92+K92=0,0,ROUND(2*J92*K92/(J92+K92),3)) -> 0.667
A93: What should I do to cool down? | B93: Temperature | C93: ventilation fan,electric fan | D93: Temperature,Thirst,Play,Laziness,Breathing,Injury avoidance,Sleep,Sensory | E93: faucet,bathtub,refrigerator,electric fan,ventilation fan | F93: bathroom,living room,kitchen | G93: 0.125 | H93: 1 | I93: =IF(G93+H93=0,0,2*G93*H93/(G93+H93)) -> 0.22222222 | J93: 0.4 | K93: 1 | L93: 236 | M93: =IF(J93+K93=0,0,ROUND(2*J93*K93/(J93+K93),3)) -> 0.571
A94: Where do I throw away food packages? | B94: Order | C94: garbage | D94: Hunger,Emission,Conservance,Injury avoidance,Order,Nursing,Nurturance,Exhibition | E94: garbage,box | F94: kitchen,living room | G94: 0.125 | H94: 1 | I94: =IF(G94+H94=0,0,2*G94*H94/(G94+H94)) -> 0.22222222 | J94: 0.5 | K94: 1 | L94: 320 | M94: =IF(J94+K94=0,0,ROUND(2*J94*K94/(J94+K94),3)) -> 0.667

Sheet test_rag_border03
A1: 発話事例 | B1: 欲求の種類 | C1: 正解の物 | D1: rag出力 | E1: 物の出力 | F1: 部屋 | G1: 適合率(欲求) | H1: 再現率(欲求) | I1: F値(欲求) | J1: 適合率(物) | K1: 再現率(物) | L1: トークン数 | M1: F値（物） | N1: 適合率 | O1: 再現率 | P1: F値平均
A2: Is there something to wipe my nose? If so where is it? | B2: Emission,Order | C2: tissue,table,toilet paper | D2: Emission,Breathing | E2: tissue,toilet paper | F2: bathroom,living room | G2: 0.5 | H2: 0.5 | I2: =IF(G2+H2=0,0,2*G2*H2/(G2+H2)) -> 0.5 | J2: 1 | K2: 0.667 | L2: 128 | M2: =IF(J2+K2=0,0,ROUND(2*J2*K2/(J2+K2),3)) -> 0.8 | N2: =ROUND(AVERAGE(J2:J94),3) -> 0.454 | O2: =ROUND(AVERAGE(K2:K94),3) -> 0.459 | P2: =SUM(M2:M94)/93 -> 0.42206452
A3: Where can I take a nap? | B3: Laziness,Sleep | C3: bed,chair,sofa,private room,floor | D3: Sleep,Laziness,Play | E3: bed,sofa,pillow,private room | F3: kitchen,living room,bathroom,bedroom | G3: 0.667 | H3: 1 | I3: =IF(G3+H3=0,0,2*G3*H3/(G3+H3)) -> 0.80023995 | J3: 0.75 | K3: 0.6 | L3: 188 | M3: =IF(J3+K3=0,0,ROUND(2*J3*K3/(J3+K3),3)) -> 0.667
A4: Where can I wash my hands? | B4: Toxicity avoidance | C4: sink,faucet,toilet | D4: [none] | E4: sink,restroom,hand sanitizer | F4: bathroom,kitchen | G4: 0 | H4: 0 | I4: =IF(G4+H4=0,0,2*G4*H4/(G4+H4)) -> 0 | J4: 0.333 | K4: 0.333 | L4: 105 | M4: =IF(J4+K4=0,0,ROUND(2*J4*K4/(J4+K4),3)) -> 0.333
A5: Where should I store fruits that I want to last long? | B5: Conservance,Order | C5: refrigerator,kitchen cabinet | D5: Hunger | E5: refrigerator,banana | F5: kitchen | G5: 0 | H5: 0 | I5: =IF(G5+H5=0,0,2*G5*H5/(G5+H5)) -> 0 | J5: 0.5 | K5: 0.5 | L5: 172 | M5: =IF(J5+K5=0,0,ROUND(2*J5*K5/(J5+K5),3)) -> 0.5 | N5: =ROUND(AVERAGE(G2:G94),3) -> 0.308 | O5: =ROUND(AVERAGE(H2:H94),3) -> 0.369 | P5: =ROUND(AVERAGE(I2:I94),3) -> 0.307
A6: Where can I take notes? | B6: Cognizance,Exposition | C6: desk,table,computer,mobile phone | D6: [none] | E6: notebook,laptop,tablet,smartphone,whiteboard | G6: 0 | H6: 0 | I6: =IF(G6+H6=0,0,2*G6*H6/(G6+H6)) -> 0 | J6: 0 | K6: 0 | L6: 109 | M6: =IF(J6+K6=0,0,ROUND(2*J6*K6/(J6+K6),3)) -> 0 | O6: 平均トークン
A7: Where can I brush my teeth? | B7: Conservance,Toxicity avoidance | C7: toothbrush,toothpaste,faucet,sink,toilet | D7: Toxicity avoidance | E7: sink,toilet | F7: bathroom,kitchen | G7: 1 | H7: 0.5 | I7: =IF(G7+H7=0,0,2*G7*H7/(G7+H7)) -> 0.66666667 | J7: 1 | K7: 0.4 | L7: 129 | M7: =IF(J7+K7=0,0,ROUND(2*J7*K7/(J7+K7),3)) -> 0.571 | O7: =AVERAGE(L2:L94) -> 149.82796
A8: Where can I set if I want to warmup? | B8: Temperature | C8: stove,bed | D8: Temperature | E8: electric fan,ventilation fan,bathtub,stove | F8: kitchen,living room,bathroom | G8: 1 | H8: 1 | I8: =IF(G8+H8=0,0,2*G8*H8/(G8+H8)) -> 1 | J8: 0.25 | K8: 0.5 | L8: 139 | M8: =IF(J8+K8=0,0,ROUND(2*J8*K8/(J8+K8),3)) -> 0.333 | O8: 標準偏差
A9: Where can I check my appearance? | B9: Order,Exhibition,Exposition | C9: mirror | D9: Exhibition | E9: mirror | F9: bathroom | G9: 1 | H9: 0.333 | I9: =IF(G9+H9=0,0,2*G9*H9/(G9+H9)) -> 0.49962491 | J9: 1 | K9: 1 | L9: 136 | M9: =IF(J9+K9=0,0,ROUND(2*J9*K9/(J9+K9),3)) -> 1 | O9: =_xlfn.STDEV.P(L2:L94) -> 44.673396
A10: Where should I put my jackets? | B10: Order,Conservance | C10: closet,hanger | D10: [none] | E10: closet,rack,hanger,wardrobe | F10: bathroom,living room,bedroom | G10: 0 | H10: 0 | I10: =IF(G10+H10=0,0,2*G10*H10/(G10+H10)) -> 0 | J10: 0.5 | K10: 1 | L10: 107 | M10: =IF(J10+K10=0,0,ROUND(2*J10*K10/(J10+K10),3)) -> 0.667
A11: Where can my kids go to read? | B11: Play,Cognizance | C11: book,chair,table,bed,sofa,desk | D11: [none] | E11: library,bookstore,school | G11: 0 | H11: 0 | I11: =IF(G11+H11=0,0,2*G11*H11/(G11+H11)) -> 0 | J11: 0 | K11: 0 | L11: 105 | M11: =IF(J11+K11=0,0,ROUND(2*J11*K11/(J11+K11),3)) -> 0
A12: Where can I put my jacket? | B12: Order,Conservance | C12: closet,hanger | D12: [none] | E12: hook,chair,table,wardrobe,bench | F12: kitchen,living room,bedroom | G12: 0 | H12: 0 | I12: =IF(G12+H12=0,0,2*G12*H12/(G12+H12)) -> 0 | J12: 0 | K12: 0 | L12: 108 | M12: =IF(J12+K12=0,0,ROUND(2*J12*K12/(J12+K12),3)) -> 0
A13: Where can I wipe my shoes? | B13: Conservance,Order | C13: cleaning sponge,rug | D13: Emission | E13: tissue,garbage | F13: living room | G13: 0 | H13: 0 | I13: =IF(G13+H13=0,0,2*G13*H13/(G13+H13)) -> 0 | J13: 0 | K13: 0 | L13: 111 | M13: =IF(J13+K13=0,0,ROUND(2*J13*K13/(J13+K13),3)) -> 0
A14: Where can I put my hat? | B14: Order | C14: closet,closet drawers,hanger,desk,table | D14: [none] | E14: table,chair,shelf | F14: kitchen,living room,bedroom | G14: 0 | H14: 0 | I14: =IF(G14+H14=0,0,2*G14*H14/(G14+H14)) -> 0 | J14: 0.333 | K14: 0.2 | L14: 103 | M14: =IF(J14+K14=0,0,ROUND(2*J14*K14/(J14+K14),3)) -> 0.25
A15: I want to take a nap. | B15: Sleep,Laziness | C15: bed,chair,sofa,private room,floor | D15: Sleep,Laziness,Play | E15: bed,sofa,pillow,private room | F15: kitchen,living room,bathroom,bedroom | G15: 0.667 | H15: 1 | I15: =IF(G15+H15=0,0,2*G15*H15/(G15+H15)) -> 0.80023995 | J15: 0.75 | K15: 0.6 | L15: 188 | M15: =IF(J15+K15=0,0,ROUND(2*J15*K15/(J15+K15),3)) -> 0.667
A16: Where can I sit and eat if I don't want to use the dining table? | B16: Hunger | C16: desk,chair,sofa,private room, kitchen counter, kitchen table | D16: Exposition,Play,Hunger,Cognizance | E16: sofa,chair,desk,private room | F16: kitchen,living room,bathroom,bedroom | G16: 0.25 | H16: 1 | I16: =IF(G16+H16=0,0,2*G16*H16/(G16+H16)) -> 0.4 | J16: 1 | K16: 0.667 | L16: 228 | M16: =IF(J16+K16=0,0,ROUND(2*J16*K16/(J16+K16),3)) -> 0.8
A17: Where can I put my apples? | B17: Conservance,Order | C17: wall shelf,kitchen cabinet,kitchen counter,table,desk,kitchen table,dish | D17: [none] | E17: basket,table,counter,fridge | F17: kitchen | G17: 0 | H17: 0 | I17: =IF(G17+H17=0,0,2*G17*H17/(G17+H17)) -> 0 | J17: 0.25 | K17: 0.143 | L17: 106 | M17: =IF(J17+K17=0,0,ROUND(2*J17*K17/(J17+K17),3)) -> 0.182
A18: Where can I dry my shoes when I come into the house? | B18: Conservance,Order | C18: rug,floor | D18: Conservance,Injury avoidance | E18: ventilation fan,rug,towel | F18: kitchen,living room,bathroom,bedroom | G18: 0.5 | H18: 0.5 | I18: =IF(G18+H18=0,0,2*G18*H18/(G18+H18)) -> 0.5 | J18: 0.333 | K18: 0.5 | L18: 182 | M18: =IF(J18+K18=0,0,ROUND(2*J18*K18/(J18+K18),3)) -> 0.4
A19: Where can I lay down and read a book? | B19: Laziness,Sleep,Cognizance | C19: bed,sofa,floor,private room | D19: [none] | E19: bed,sofa,hammock,bean bag,deck chair | F19: kitchen,living room,bedroom | G19: 0 | H19: 0 | I19: =IF(G19+H19=0,0,2*G19*H19/(G19+H19)) -> 0 | J19: 0.4 | K19: 0.5 | L19: 114 | M19: =IF(J19+K19=0,0,ROUND(2*J19*K19/(J19+K19),3)) -> 0.444
A20: Where can I warm up? | B20: Temperature,Sensory desire | C20: stove,bed | D20: Temperature | E20: bathtub,stove,coffee maker | F20: bathroom,kitchen | G20: 1 | H20: 0.5 | I20: =IF(G20+H20=0,0,2*G20*H20/(G20+H20)) -> 0.66666667 | J20: 0.333 | K20: 0.5 | L20: 130 | M20: =IF(J20+K20=0,0,ROUND(2*J20*K20/(J20+K20),3)) -> 0.4
A21: Where can I get drinking water? | B21: Thirst | C21: sink,water glass,faucet,mug,refrigerator | D21: Thirst,Toxicity avoidance | E21: water glass,faucet,refrigerator,mug,sink | F21: bathroom,living room,kitchen | G21: 0.5 | H21: 1 | I21: =IF(G21+H21=0,0,2*G21*H21/(G21+H21)) -> 0.66666667 | J21: 1 | K21: 1 | L21: 155 | M21: =IF(J21+K21=0,0,ROUND(2*J21*K21/(J21+K21),3)) -> 1
A22: Where can I wash my hands on the second story of the house? | B22: Order,Toxicity avoidance,Emission | C22: sink,soap,faucet,toilet | D22: Conservance | E22: sink,soap | F22: bathroom,kitchen | G22: 0 | H22: 0 | I22: =IF(G22+H22=0,0,2*G22*H22/(G22+H22)) -> 0 | J22: 1 | K22: 0.5 | L22: 171 | M22: =IF(J22+K22=0,0,ROUND(2*J22*K22/(J22+K22),3)) -> 0.667
A23: Where can I hang my towel so I don't have to leave the shower to dry off? | B23: Order | C23: towel rack,hanger | D23: Conservance,Exhibition,Retention | E23: hanger socket,towel | F23: bathroom | G23: 0 | H23: 0 | I23: =IF(G23+H23=0,0,2*G23*H23/(G23+H23)) -> 0 | J23: 0 | K23: 0 | L23: 212 | M23: =IF(J23+K23=0,0,ROUND(2*J23*K23/(J23+K23),3)) -> 0
... A51: Where can the adult take a nap? | B51: Laziness,Sleep | C51: bed,chair,sofa,pillow | D51: Sleep,Laziness,Play | E51: bed,sofa,chair,private room | F51: kitchen,living room,bathroom,bedroom | G51: 0.667 | H51: 1 | I51: =IF(G51+H51=0,0,2*G51*H51/(G51+H51)) -> 0.80023995 | J51: 0.75 | K51: 0.75 | L51: 189 | M51: =IF(J51+K51=0,0,ROUND(2*J51*K51/(J51+K51),3)) -> 0.75
A52: Where can you change baby's diaper? | B52: Emission,Nursing,Order | C52: bed,toilet,bathtub,floor | D52: Nursing,Emission,Nurturance | E52: bathroom,changing table | G52: 0.667 | H52: 0.667 | I52: =IF(G52+H52=0,0,2*G52*H52/(G52+H52)) -> 0.667 | J52: 0 | K52: 0 | L52: 146 | M52: =IF(J52+K52=0,0,ROUND(2*J52*K52/(J52+K52),3)) -> 0
A53: Where can I write math equations? | B53: Cognizance,Exposition | C53: desk,table,computer,call phone | D53: [none] | E53: editor,app,website | G53: 0 | H53: 0 | I53: =IF(G53+H53=0,0,2*G53*H53/(G53+H53)) -> 0 | J53: 0 | K53: 0 | L53: 103 | M53: =IF(J53+K53=0,0,ROUND(2*J53*K53/(J53+K53),3)) -> 0
A54: Where can I dry my hands? | B54: Emission,Order | C54: towel,sink,faucet | D54: [none] | E54: towel,hand dryer | F54: bathroom | G54: 0 | H54: 0 | I54: =IF(G54+H54=0,0,2*G54*H54/(G54+H54)) -> 0 | J54: 0.5 | K54: 0.333 | L54: 103 | M54: =IF(J54+K54=0,0,ROUND(2*J54*K54/(J54+K54),3)) -> 0.4
A55: Where can I have a seat? | B55: Laziness | C55: chair,sofa,bed,rug,sofa,floor | D55: [none] | E55: chair,bench,stool,loveseat | F55: kitchen,living room,bedroom | G55: 0 | H55: 0 | I55: =IF(G55+H55=0,0,2*G55*H55/(G55+H55)) -> 0 | J55: 0.25 | K55: 0.167 | L55: 107 | M55: =IF(J55+K55=0,0,ROUND(2*J55*K55/(J55+K55),3)) -> 0.2
A56: Where can I sit down and rest? | B56: Sleep,Laziness | C56: sofa,bed,rug,chair | D56: Laziness,Sleep,Play | E56: chair,bed,sofa)table | F56: kitchen,living room,bedroom | G56: 0.667 | H56: 1 | I56: =IF(G56+H56=0,0,2*G56*H56/(G56+H56)) -> 0.80023995 | J56: 0.667 | K56: 0.5 | L56: 187 | M56: =IF(J56+K56=0,0,ROUND(2*J56*K56/(J56+K56),3)) -> 0.572
A57: Where can I store some fruits so that they last long? | B57: Order,Conservance,Toxicity avoidance | C57: refrigerator,wall shelf | D57: Hunger,Retention | E57: refrigerator,condiment bottle,oven tray,bowl of dishes | F57: kitchen | G57: 0 | H57: 0 | I57: =IF(G57+H57=0,0,2*G57*H57/(G57+H57)) -> 0 | J57: 0.25 | K57: 0.5 | L57: 217 | M57: =IF(J57+K57=0,0,ROUND(2*J57*K57/(J57+K57),3)) -> 0.333
A58: Where can I get some pop drinks? | B58: Thirst,Hunger,Sensory desire | C58: refrigerator | D58: Thirst | E58: refrigerator | F58: kitchen | G58: 1 | H58: 0.333 | I58: =IF(G58+H58=0,0,2*G58*H58/(G58+H58)) -> 0.49962491 | J58: 1 | K58: 1 | L58: 123 | M58: =IF(J58+K58=0,0,ROUND(2*J58*K58/(J58+K58),3)) -> 1
A59: Where can I throw away paper waste in this room? | B59: Order,Emission | C59: garbage | D59: Emission,Play,Conservance,Toxicity avoidance,Order | E59: garbage,box | F59: kitchen,living room | G59: 0.4 | H59: 1 | I59: =IF(G59+H59=0,0,2*G59*H59/(G59+H59)) -> 0.57142857 | J59: 0.5 | K59: 1 | L59: 266 | M59: =IF(J59+K59=0,0,ROUND(2*J59*K59/(J59+K59),3)) -> 0.667
A60: where can I sit to rest? | B60: Laziness,Sleep | C60: sofa,bed,rug,chair | D60: Laziness,Sleep,Play | E60: chair,sofa,bed | F60: kitchen,living room,bedroom | G60: 0.667 | H60: 1 | I60: =IF(G60+H60=0,0,2*G60*H60/(G60+H60)) -> 0.80023995 | J60: 1 | K60: 0.75 | L60: 185 | M60: =IF(J60+K60=0,0,ROUND(2*J60*K60/(J60+K60),3)) -> 0.857
A61: where can I place my food for comfortably having lunch? | B61: Hunger,Order | C61: table,desk,dish,kitchen table | D61: Hunger | E61: table | F61: kitchen | G61: 1 | H61: 0.5 | I61: =IF(G61+H61=0,0,2*G61*H61/(G61+H61)) -> 0.66666667 | J61: 1 | K61: 0.25 | L61: 167 | M61: =IF(J61+K61=0,0,ROUND(2*J61*K61/(J61+K61),3)) -> 0.4
A62: Where can I place a bottle of shampoo while I shower? | B62: Order,Injury avoidance | C62: bathroom cabinet,bathroom counter | D62: Thirst,Nursing | E62: bathtub,sink,faucet | F62: bathroom,kitchen | G62: 0 | H62: 0 | I62: =IF(G62+H62=0,0,2*G62*H62/(G62+H62)) -> 0 | J62: 0 | K62: 0 | L62: 157 | M62: =IF(J62+K62=0,0,ROUND(2*J62*K62/(J62+K62),3)) -> 0
A63: Where can I place another towel to dry? | B63: Order | C63: towel rack,bathroom counter,hanger,closet,closet drawer,ceiling,cabinet,wall shelf | D63: Nursing | E63: floor,bathtub,rug,chair,closet | F63: bathroom,living room,bedroom,kitchen | G63: 0 | H63: 0 | I63: =IF(G63+H63=0,0,2*G63*H63/(G63+H63)) -> 0 | J63: 0.2 | K63: 0.125 | L63: 136 | M63: =IF(J63+K63=0,0,ROUND(2*J63*K63/(J63+K63),3)) -> 0.154
A64: Where can I charge my computer? | B64: Conservance,Retention,Acquisition | C64: power socket,computer | D64: [none] | E64: outlet,desk,library,cafe | F64: living room | G64: 0 | H64: 0 | I64: =IF(G64+H64=0,0,2*G64*H64/(G64+H64)) -> 0 | J64: 0 | K64: 0 | L64: 106 | M64: =IF(J64+K64=0,0,ROUND(2*J64*K64/(J64+K64),3)) -> 0
A65: Where can I dispose of small bathroom waste items like tissue paper? | B65: Order,Emission | C65: garbage | D65: Emission,Conservance,Toxicity avoidance,Order,Retention | E65: tissue,garbage,toilet paper | F65: bathroom,living room | G65: 0.4 | H65: 1 | I65: =IF(G65+H65=0,0,2*G65*H65/(G65+H65)) -> 0.57142857 | J65: 0.333 | K65: 1 | L65: 241 | M65: =IF(J65+K65=0,0,ROUND(2*J65*K65/(J65+K65),3)) -> 0.5
... A67: Where can you find a painting? | B67: Cognizance,play | C67: wall picture frame,book,TV,television | D67: Exhibition,Construction | E67: photo frame | F67: kitchen,living room,bedroom | G67: 0 | H67: 0 | I67: =IF(G67+H67=0,0,2*G67*H67/(G67+H67)) -> 0 | J67: 0 | K67: 0 | L67: 145 | M67: =IF(J67+K67=0,0,ROUND(2*J67*K67/(J67+K67),3)) -> 0
A68: Where can I work in this place? | B68: Cognizance | C68: desk,table,chair,computer | D68: [none] | E68: office,store,restaurant | G68: 0 | H68: 0 | I68: =IF(G68+H68=0,0,2*G68*H68/(G68+H68)) -> 0 | J68: 0 | K68: 0 | L68: 104 | M68: =IF(J68+K68=0,0,ROUND(2*J68*K68/(J68+K68),3)) -> 0
A69: Where can I sit to work? | B69: Achievement,Cognizance | C69: chair,desk,computer,sofa | D69: [none] | E69: desk,table,chair | F69: kitchen,living room,bedroom | G69: 0 | H69: 0 | I69: =IF(G69+H69=0,0,2*G69*H69/(G69+H69)) -> 0 | J69: 0.667 | K69: 0.5 | L69: 103 | M69: =IF(J69+K69=0,0,ROUND(2*J69*K69/(J69+K69),3)) -> 0.572
A70: Where can I rest? | B70: Laziness,Sleep | C70: bed,chair,sofa,rug,floor,bathtub | D70: Sleep,Laziness,Play | E70: bed,sofa,chair,bathtub | F70: kitchen,living room,bathroom,bedroom | G70: 0.667 | H70: 1 | I70: =IF(G70+H70=0,0,2*G70*H70/(G70+H70)) -> 0.80023995 | J70: 1 | K70: 0.667 | L70: 186 | M70: =IF(J70+K70=0,0,ROUND(2*J70*K70/(J70+K70),3)) -> 0.8
A71: Where can I write something? | B71: Cognizance,Exposition | C71: desk,table | D71: Exposition | E71: desk,table,computer | F71: kitchen,living room | G71: 1 | H71: 0.5 | I71: =IF(G71+H71=0,0,2*G71*H71/(G71+H71)) -> 0.66666667 | J71: 0.667 | K71: 1 | L71: 109 | M71: =IF(J71+K71=0,0,ROUND(2*J71*K71/(J71+K71),3)) -> 0.8
A72: Where should I store fruits that I want to last long? | B72: Order,Conservance | C72: refrigerator | D72: Hunger | E72: refrigerator,oven tray | F72: kitchen | G72: 0 | H72: 0 | I72: =IF(G72+H72=0,0,2*G72*H72/(G72+H72)) -> 0 | J72: 0.5 | K72: 1 | L72: 173 | M72: =IF(J72+K72=0,0,ROUND(2*J72*K72/(J72+K72),3)) -> 0.667
A73: Where should I put my jackets and shoes? | B73: Order,Conservance | C73: closet | D73: [none] | E73: coat rack,shoe rack,closet | F73: bathroom,living room,bedroom | G73: 0 | H73: 0 | I73: =IF(G73+H73=0,0,2*G73*H73/(G73+H73)) -> 0 | J73: 0.333 | K73: 1 | L73: 108 | M73: =IF(J73+K73=0,0,ROUND(2*J73*K73/(J73+K73),3)) -> 0.5
A74: After washing my hands in the sink,what should I use to dry my hands? | B74: Conservance,Order | C74: towel,tissue,towel rack | D74: Conservance,Thirst,Toxicity avoidance,Emission,Nursing | E74: towel | F74: bathroom | G74: 0.2 | H74: 0.5 | I74: =IF(G74+H74=0,0,2*G74*H74/(G74+H74)) -> 0.28571429 | J74: 1 | K74: 0.333 | L74: 207 | M74: =IF(J74+K74=0,0,ROUND(2*J74*K74/(J74+K74),3)) -> 0.5
A75: I want to host a dinner party on a summer evening,where should I set the table? | B75: Hunger,Play,Construction | C75: kitchen table,table,sofa,chair,privete room | D75: [none] | E75: patio,deck,garden | G75: 0 | H75: 0 | I75: =IF(G75+H75=0,0,2*G75*H75/(G75+H75)) -> 0 | J75: 0 | K75: 0 | L75: 116 | M75: =IF(J75+K75=0,0,ROUND(2*J75*K75/(J75+K75),3)) -> 0
A76: I need to charge my laptop,where can I find a power outlet? | B76: Conservance,Retention,Acquisition | C76: computer | D76: [none] | E76: wall outlet,power strip | G76: 0 | H76: 0 | I76: =IF(G76+H76=0,0,2*G76*H76/(G76+H76)) -> 0 | J76: 0 | K76: 0 | L76: 111 | M76: =IF(J76+K76=0,0,ROUND(2*J76*K76/(J76+K76),3)) -> 0
A77: Where should I look if I want to research a topic? | B77: Cognizance | C77: computer,book,CPU screen | D77: Cognizance | E77: computer,book | F77: living room | G77: 1 | H77: 1 | I77: =IF(G77+H77=0,0,2*G77*H77/(G77+H77)) -> 1 | J77: 1 | K77: 0.667 | L77: 123 | M77: =IF(J77+K77=0,0,ROUND(2*J77*K77/(J77+K77),3)) -> 0.8
A78: Where should I sit to watch tv? | B78: Laziness,Play,Cognizance | C78: chair,sofa | D78: [none] | E78: sofa,chair | F78: kitchen,living room,bedroom | G78: 0 | H78: 0 | I78: =IF(G78+H78=0,0,2*G78*H78/(G78+H78)) -> 0 | J78: 1 | K78: 1 | L78: 103 | M78: =IF(J78+K78=0,0,ROUND(2*J78*K78/(J78+K78),3)) -> 1
A79: Where should I take a nap? | B79: Laziness,Sleep | C79: bed,chair,sofa,rug | D79: Sleep,Laziness,Play | E79: bed,sofa,pillow,chair,private room | F79: kitchen,living room,bathroom,bedroom | G79: 0.667 | H79: 1 | I79: =IF(G79+H79=0,0,2*G79*H79/(G79+H79)) -> 0.80023995 | J79: 0.6 | K79: 0.75 | L79: 190 | M79: =IF(J79+K79=0,0,ROUND(2*J79*K79/(J79+K79),3)) -> 0.667
A80: Where should I sleep if I need to charge my phone? | B80: Sleep,Retention | C80: bed,power socket,sofa,chair | D80: [none] | E80: outlet,desk,chair | F80: kitchen,living room,bedroom | G80: 0 | H80: 0 | I80: =IF(G80+H80=0,0,2*G80*H80/(G80+H80)) -> 0 | J80: 0.333 | K80: 0.25 | L80: 109 | M80: =IF(J80+K80=0,0,ROUND(2*J80*K80/(J80+K80),3)) -> 0.286
A81: Where should I sit if I don't want to move anything? | B81: Order,Laziness | C81: chair,sofa | D81: [none] | E81: chair,bench | F81: kitchen,living room,bedroom | G81: 0 | H81: 0 | I81: =IF(G81+H81=0,0,2*G81*H81/(G81+H81)) -> 0 | J81: 0.5 | K81: 0.5 | L81: 106 | M81: =IF(J81+K81=0,0,ROUND(2*J81*K81/(J81+K81),3)) -> 0.5
A82: Where should I sit if I want to work? | B82: Cognizance,Acquisition | C82: chair,desk,computer,table | D82: Cognizance,Achievement,Acquisition | E82: desk,chair,computer,CPU screen,mouse,keyboard,table | F82: kitchen,living room,bedroom | G82: 0.667 | H82: 1 | I82: =IF(G82+H82=0,0,2*G82*H82/(G82+H82)) -> 0.80023995 | J82: 0.571 | K82: 1 | L82: 141 | M82: =IF(J82+K82=0,0,ROUND(2*J82*K82/(J82+K82),3)) -> 0.727
A83: Where should I keep the pizza for the meeting? | B83: Hunger,Conservance,Order | C83: refrigerator,kitchen counter,kitchen table | D83: [none] | E83: table,counter,fridge | F83: kitchen | G83: 0 | H83: 0 | I83: =IF(G83+H83=0,0,2*G83*H83/(G83+H83)) -> 0 | J83: 0 | K83: 0 | L83: 107 | M83: =IF(J83+K83=0,0,ROUND(2*J83*K83/(J83+K83),3)) -> 0
A84: I need to fix something and may require a screwdriver,where should I look? | B84: Conservance,Acquisition | C84: wall shelf,cabinet,closet,box | D84: [none] | E84: toolbox,drawer,workbench | G84: 0 | H84: 0 | I84: =IF(G84+H84=0,0,2*G84*H84/(G84+H84)) -> 0 | J84: 0 | K84: 0 | L84: 114 | M84: =IF(J84+K84=0,0,ROUND(2*J84*K84/(J84+K84),3)) -> 0
A85: I have a couple of mails that I would like to deliver through USPS,so where should I put them? | B85: Conservance,Order | C85: box | D85: [none] | E85: mailbox,post office | G85: 0 | H85: 0 | I85: =IF(G85+H85=0,0,2*G85*H85/(G85+H85)) -> 0 | J85: 0 | K85: 0 | L85: 118 | M85: =IF(J85+K85=0,0,ROUND(2*J85*K85/(J85+K85),3)) -> 0
A86: I need to get rid of the stack of papers on my desk. Where should I put it? | B86: Order,Conservance | C86: wall shelf,garbage,cabinet,bookshelf,box | D86: [none] | E86: file cabinet,trash bin,storage box,folder | F86: kitchen | G86: 0 | H86: 0 | I86: =IF(G86+H86=0,0,2*G86*H86/(G86+H86)) -> 0 | J86: 0 | K86: 0 | L86: 121 | M86: =IF(J86+K86=0,0,ROUND(2*J86*K86/(J86+K86),3)) -> 0
A87: Where should I put the wire to charge my computer if I'm sitting at the desk with the backpack on it? | B87: Conservance,Order | C87: desk,computer,power socket,table | D87: Acquisition,Exposition,Achievement,Cognizance,Laziness | E87: desk,computer | F87: living room | G87: 0 | H87: 0 | I87: =IF(G87+H87=0,0,2*G87*H87/(G87+H87)) -> 0 | J87: 1 | K87: 0.5 | L87: 164 | M87: =IF(J87+K87=0,0,ROUND(2*J87*K87/(J87+K87),3)) -> 0.667
A88: Where did I put my pink shirt? | B88: Acquisition,Conservance,Order | C88: closet,hanger,pile of clothes | D88: [none] | E88: closet,drawer,hamper | F88: bathroom,living room,bedroom | G88: 0 | H88: 0 | I88: =IF(G88+H88=0,0,2*G88*H88/(G88+H88)) -> 0 | J88: 0.333 | K88: 0.333 | L88: 106 | M88: =IF(J88+K88=0,0,ROUND(2*J88*K88/(J88+K88),3)) -> 0.333
A89: How can I cool myself off? | B89: Temperature | C89: ventilation fan,electric fan | D89: Temperature | E89: electric fan,ventilation fan,refrigerator,bathtub,water glass | F89: kitchen,living room,bathroom | G89: 1 | H89: 1 | I89: =IF(G89+H89=0,0,2*G89*H89/(G89+H89)) -> 1 | J89: 0.4 | K89: 1 | L89: 138 | M89: =IF(J89+K89=0,0,ROUND(2*J89*K89/(J89+K89),3)) -> 0.571
A90: After washing my hands in the sink,what should I use to dry my hands? | B90: Conservance,Order | C90: towel,tissue,towel rack | D90: Conservance,Thirst,Toxicity avoidance,Emission,Nursing | E90: towel | F90: bathroom | G90: 0.2 | H90: 0.5 | I90: =IF(G90+H90=0,0,2*G90*H90/(G90+H90)) -> 0.28571429 | J90: 1 | K90: 0.333 | L90: 207 | M90: =IF(J90+K90=0,0,ROUND(2*J90*K90/(J90+K90),3)) -> 0.5
A91: Where do I reach for laundry detergent? | B91: Conservance,Acquisition | C91: dishwashing liquid,washing machine,cleaning sponge,bathroom cabinet,cabinet | D91: Conservance,Nursing,Toxicity avoidance | E91: washing machine,closet,cleaning,detergent | F91: bathroom,living room,bedroom | G91: 0.333 | H91: 0.5 | I91: =IF(G91+H91=0,0,2*G91*H91/(G91+H91)) -> 0.3997599 | J91: 0.25 | K91: 0.2 | L91: 192 | M91: =IF(J91+K91=0,0,ROUND(2*J91*K91/(J91+K91),3)) -> 0.222
A92: Where could i wash my hands | B92: Toxicity avoidance | C92: sink,soap,faucet | D92: [none] | E92: sink,restroom,public washbasin | F92: bathroom,kitchen | G92: 0 | H92: 0 | I92: =IF(G92+H92=0,0,2*G92*H92/(G92+H92)) -> 0 | J92: 0.333 | K92: 0.333 | L92: 106 | M92: =IF(J92+K92=0,0,ROUND(2*J92*K92/(J92+K92),3)) -> 0.333
A93: What should I do to cool down? | B93: Temperature | C93: ventilation fan,electric fan | D93: Temperature | E93: electric fan,ventilation fan,refrigerator,bathtub,water glass | F93: kitchen,living room,bathroom | G93: 1 | H93: 1 | I93: =IF(G93+H93=0,0,2*G93*H93/(G93+H93)) -> 1 | J93: 0.4 | K93: 1 | L93: 139 | M93: =IF(J93+K93=0,0,ROUND(2*J93*K93/(J93+K93),3)) -> 0.571
A94: Where do I throw away food packages? | B94: Order | C94: garbage | D94: Hunger | E94: ,trash can,recycling bin | G94: 0 | H94: 0 | I94: =IF(G94+H94=0,0,2*G94*H94/(G94+H94)) -> 0 | J94: 0 | K94: 0 | L94: 169 | M94: =IF(J94+K94=0,0,ROUND(2*J94*K94/(J94+K94),3)) -> 0

Sheet thing_list_people
A1: 欲求(日本) | B1: 欲求 | C1: 物全て | D1: 物の数 | E1: 辞書全体のトークン数 | F1: 圧縮率 | G1: 746
A2: 呼吸欲求 | B2: Breathing | C2: perfume,ventilation fan,tissue,deodorant | D2: 4 | E2: 12 | F2: =E2/$G$1 -> 0.016085791
A3: 飲水欲求 | B3: Thirst | C3: faucet,sink,water glass,refrigerator,mug,wine glass,coffee maker,coffee pot | D3: 8 | E3: 22 | F3: =E3/$G$1 -> 0.029490617
A4: 食物欲求 | B4: Hunger | C4: banana,slices of bread,cereal,chocolate,bowl of dishes,syrup,condiment bottle,condiment pendulum,cooking pot,cupcake,cutlet,faucet,refrigerator,microwave,minced meat,oven tray,pie,dish,pudding,stove,toaster,table,cupcake, | D4: 23 | E4: 66 | F4: =E4/$G$1 -> 0.08847185
A5: 睡眠欲求 | B5: Sleep | C5: curtain,light switch,toothbrush,toothpaste,bed,ceiling lamp,nightstand,pillow,sofa,rug,table lamp,wall lamp | D5: 12 | E5: 34 | F5: =E5/$G$1 -> 0.045576408
A6: 怠惰欲求 | B6: Laziness | C6: bathtub,floor,bed,books,orchid,pillow,sofa,chair,TV,table,computer,CPU screen,rug,television,electric fan,floor | D6: 17 | E6: 42 | F6: =E6/$G$1 -> 0.056300268
A7: 官性欲求(五感) | B7: Sensory | C7: bathtub,deodorant,painkiller,perfume,floor | D7: 5 | E7: 14 | F7: =E7/$G$1 -> 0.018766756
A8: 性的欲求 | B8: Sexual | C8: clothes pants,curtain,door,face cream,hair product,perfume,bed,light switch,nightstand,pillow,mobile phone,floor | D8: 12 | E8: 33 | F8: =E8/$G$1 -> 0.044235925
A9: 授乳欲求(世話) | B9: Nursing | C9: bathtub,closet,rug,toilet,towel,washing machine,bed,chair,floor,pillow,sofa | D9: 11 | E9: 26 | F9: =E9/$G$1 -> 0.034852547
A10: 排出欲求 | B10: Emission | C10: toilet,toilet paper,tissue,garbage | D10: 4 | E10: 11 | F10: =E10/$G$1 -> 0.014745308
A11: 毒性回避欲求 | B11: Toxicity avoidance | C11: toothbrush,toothpaste,deodorant,dishwasher,dishwashing liquid,faucet,ventilation fan,garbage,toilet,sink | D11: 10 | E11: 31 | F11: =E11/$G$1 -> 0.04155496
A12: 体温管理欲求 | B12: Temperature | C12: electric fan,water glass,ventilation fan,refrigerator,bathtub,bed,coffee maker,mug,stove | D12: 9 | E12: 26 | F12: =E12/$G$1 -> 0.034852547
A13: 傷害回避欲求 | B13: Injury avoidance | C13: painkiller,rug,deodorant,slippers | D13: 4 | E13: 11 | F13: =E13/$G$1 -> 0.014745308
... A24: 養護欲求 | B24: Nurturance | C24: soap,bathroomcabinet,toothbrush,bed,floor | D24: 5 | E24: 14 | F24: =E24/$G$1 -> 0.018766756
